model,adapter_type,pref_profile,align_context,retriever_type,retriever_mode,k,template,retrieval_mask,seed,CTQRS_mean,CTQRS_ci_lo,CTQRS_ci_hi,ROUGE1_R_mean,ROUGE1_R_ci_lo,ROUGE1_R_ci_hi,ROUGE1_F1_mean,ROUGE1_F1_ci_lo,ROUGE1_F1_ci_hi,SBERT_mean,SBERT_ci_lo,SBERT_ci_hi,ROUGE1_R_NORM_mean,ROUGE1_R_NORM_ci_lo,ROUGE1_R_NORM_ci_hi,ROUGE1_F1_NORM_mean,ROUGE1_F1_NORM_ci_lo,ROUGE1_F1_NORM_ci_hi,SBERT_NORM_mean,SBERT_NORM_ci_lo,SBERT_NORM_ci_hi,SecFilled_mean,SecFilled_ci_lo,SecFilled_ci_hi,SecPresence_mean,SecPresence_ci_lo,SecPresence_ci_hi,PlaceholderRate_mean,PlaceholderRate_ci_lo,PlaceholderRate_ci_hi,UnknownRate_mean,UnknownRate_ci_lo,UnknownRate_ci_hi,UAHE_Total_mean,UAHE_Total_ci_lo,UAHE_Total_ci_hi,IUHE_Total_mean,IUHE_Total_ci_lo,IUHE_Total_ci_hi,RAHE_Total_mean,RAHE_Total_ci_lo,RAHE_Total_ci_hi,UAHE_per_1kTok_mean,UAHE_per_1kTok_ci_lo,UAHE_per_1kTok_ci_hi,IUHE_per_1kTok_mean,IUHE_per_1kTok_ci_lo,IUHE_per_1kTok_ci_hi,RAHE_per_1kTok_mean,RAHE_per_1kTok_ci_lo,RAHE_per_1kTok_ci_hi,TransferRate_mean,TransferRate_ci_lo,TransferRate_ci_hi,ContextSupportRate_mean,ContextSupportRate_ci_lo,ContextSupportRate_ci_hi,ContextUnattributedRate_mean,ContextUnattributedRate_ci_lo,ContextUnattributedRate_ci_hi,CondFilledRate_mean,CondFilledRate_ci_lo,CondFilledRate_ci_hi,SignalFilledRate_mean,SignalFilledRate_ci_lo,SignalFilledRate_ci_hi,NoSignalFilledRate_mean,NoSignalFilledRate_ci_lo,NoSignalFilledRate_ci_hi,n
llama-3.2-3b,base,none,none,dense,similar,1,on,none,42,0.5688938618925832,0.5485933503836317,0.5887148337595908,0.39760402419638347,0.3738134549102119,0.4219507375863784,0.3170163172509923,0.29938051571895724,0.33483160980812876,0.6429300652221417,0.6210065785404819,0.6648483015168125,0.4079726695151223,0.38361978695090854,0.43252508379792604,0.31975670040378634,0.3019864766080837,0.33765954747991256,0.6333979589726462,0.6115984358655675,0.6552672976975703,0.39961636828644503,0.3523017902813299,0.4462915601023018,0.4846547314578005,0.4354219948849105,0.5338874680306905,0.5198209718670077,0.46994884910485935,0.569693094629156,0.5882352941176471,0.540920716112532,0.6355498721227621,0.4322250639386189,0.2531969309462916,0.6777493606138107,1.1815856777493605,0.9156010230179028,1.4936061381074168,0.7493606138107417,0.5652173913043478,0.9539641943734015,1.056214043794692,0.7470047191037581,1.412845096715493,2.735274745951685,2.2274424095340715,3.290671813580313,1.6790607021569939,1.280570279906666,2.1183215923608945,0.21094079265434762,0.1731175474142226,0.2506722320021553,0.38895993179880645,0.3439045183290708,0.4339087809036658,0.10464620630861039,0.07968172776356919,0.1312588803637397,0.42915601023017885,0.39607843137254883,0.4627024722932655,0.40345268542199497,0.3563512361466326,0.45098039215686264,0.731457800511509,0.6879795396419437,0.7749360613810742,391
llama-3.2-3b,base,none,none,none,none,0,on,none,42,0.7172314578005116,0.7047634271099744,0.7293797953964194,0.5105471098361183,0.4943840417152533,0.5263161779435543,0.4667949699688333,0.45081759935414956,0.48259569061350693,0.8254468729124045,0.8136199086218538,0.8365580546276649,0.5190173008054829,0.5029718766191289,0.5349319658619096,0.46689732228411723,0.45092311371575916,0.4827761724327015,0.809164883992861,0.7974126471582886,0.820569918664825,0.8350383631713555,0.80306905370844,0.8657289002557544,0.9028132992327366,0.8721227621483376,0.9309462915601023,0.1010230179028133,0.07225063938618925,0.13107416879795397,0.13682864450127877,0.10677749360613811,0.16879795396419436,0.289002557544757,0.21483375959079284,0.37084398976982097,0.289002557544757,0.21483375959079284,0.37084398976982097,0.0,0.0,0.0,0.9636506426360634,0.754911957766953,1.181869386385338,0.9636506426360634,0.754911957766953,1.181869386385338,0.0,0.0,0.0,0.0,0.0,0.0,0.440447957839262,0.39555917228551485,0.48631326048205825,0.11709679919398594,0.09131209796171431,0.14454777958614276,0.6926683716965023,0.6653878942881476,0.718670076726341,0.8371696504688833,0.804134697357204,0.8687127024722937,0.4418158567774937,0.3930093776641091,0.4910485933503837,391
llama-3.2-3b,dpo,balanced,retrieval_aware,dense,similar,1,on,none,42,0.6953324808184144,0.6817455242966752,0.709079283887468,0.41440073069819044,0.39608032094947243,0.4328313623372467,0.4170351883835344,0.39959967389264117,0.4349130036687516,0.6631983927524913,0.6496168519453625,0.67648573204532,0.42726556289854606,0.4084838052857239,0.44603174919650085,0.4291068649503296,0.41119465687409434,0.4473177542956109,0.6601006577691764,0.6463384580276811,0.6738820258156418,0.7941176470588235,0.760230179028133,0.8273657289002557,0.862531969309463,0.8292838874680307,0.8945012787723785,0.1489769820971867,0.1170076726342711,0.18286445012787725,0.13938618925831203,0.10741687979539642,0.17263427109974425,0.043478260869565216,0.02557544757033248,0.06649616368286446,3.368286445012788,3.0332480818414322,3.7186700767263425,3.3248081841432224,2.9923273657289005,3.6726342710997444,0.1686536276836375,0.08270395545889112,0.2736032089915241,12.320790762404679,11.345761014449556,13.286152327815351,12.152137134721041,11.177722448798594,13.107706967507323,0.7642074748212856,0.7219227348383361,0.8048115425353277,0.7938129929178523,0.7538047630119242,0.832572067034983,0.011813605547620896,0.005427678317703894,0.019839516834401747,0.6766837169650451,0.6496163682864431,0.7038789428814983,0.8020034100596759,0.7676896845694801,0.8358908780903668,0.4727195225916453,0.42284739982949704,0.5208866155157715,391
llama-3.2-3b,dpo,balanced,retrieval_aware,none,none,0,on,none,42,0.6437020460358056,0.6289961636828645,0.6585677749360613,0.4348280439371642,0.42016197337737476,0.449152399205989,0.5190174597123193,0.5017715411767542,0.5355232541994988,0.8457986226929423,0.8371750779468995,0.8539628090760897,0.44255877705000374,0.42783166634920744,0.4571758512335815,0.5227237043303156,0.5055688811813214,0.5394329665124045,0.8330965066123801,0.8240637656520394,0.8418080873806458,0.8746803069053708,0.8548593350383632,0.8938618925831202,0.9948849104859335,0.9891304347826086,0.9993606138107417,0.008951406649616368,0.0025575447570332483,0.016624040920716114,0.010230179028132993,0.004475703324808184,0.017263427109974423,0.24552429667519182,0.1867007672634271,0.309462915601023,0.24552429667519182,0.1867007672634271,0.309462915601023,0.0,0.0,0.0,1.4139194028132747,1.0780470504761122,1.783208986330607,1.4139194028132747,1.0780470504761122,1.783208986330607,0.0,0.0,0.0,0.0,0.0,0.0,0.3927505784922665,0.34882170259408124,0.4369687005236877,0.0957404701010839,0.07316404822798686,0.11979052490561447,0.7335890878090345,0.7134697357203725,0.7531969309462895,0.8991901108269397,0.8800085251491899,0.9177323103154308,0.392156862745098,0.3444160272804774,0.4398976982097187,391
llama-3.2-3b,dpo,balanced,retrieval_free,dense,similar,1,on,none,42,0.671994884910486,0.6577685421994884,0.6855818414322251,0.4979206477713724,0.479081237843864,0.5167812966038946,0.5517726511883589,0.5331556211921068,0.5702094567707271,0.8245413559477043,0.8114985008831219,0.8367001243564479,0.5052349013553624,0.4863411135562551,0.5242256965812858,0.5564639612937726,0.537669695432692,0.5752256295920781,0.8109028665992,0.7974258897173435,0.823588876925466,0.9386189258312021,0.921994884910486,0.9539641943734015,0.9782608695652174,0.9654731457800512,0.989769820971867,0.024936061381074168,0.01278772378516624,0.03836317135549872,0.024296675191815855,0.01278772378516624,0.0370843989769821,0.35805626598465473,0.28388746803069054,0.4373401534526854,1.350383631713555,1.1074168797953965,1.6138107416879794,0.9923273657289002,0.7698209718670077,1.2404092071611252,1.5824639164457612,1.2640995471288572,1.934530911993268,5.061741149321227,4.3532224231586865,5.796740908706213,3.479277232875465,2.8551650069149392,4.12359656834858,0.2767994154183412,0.23492266471806109,0.31937035683838744,0.5313192668371695,0.48621818292534413,0.5757900986481549,0.11573955669224212,0.0921340275240531,0.14093593959322862,0.7746376811594176,0.7557118499573706,0.7930093776641065,0.9477834612105714,0.9317988064791133,0.9622762148337597,0.4002557544757033,0.3520886615515772,0.4484228473998295,391
llama-3.2-3b,dpo,balanced,retrieval_free,none,none,0,on,none,42,0.646579283887468,0.6345907928388747,0.6587276214833759,0.47594587831041124,0.46043860481841964,0.49110158124121106,0.562953620868991,0.5475934806101697,0.5777055886907068,0.8620294609947887,0.8548034149057725,0.869097015741841,0.4842431490587703,0.4685160992722239,0.4996725170388707,0.5667615194024062,0.5512957333341906,0.5817359162607744,0.8466082114697723,0.838613099149426,0.8546249046350074,0.9450127877237852,0.9315856777493606,0.9578005115089514,0.9987212276214834,0.9968030690537084,1.0,0.0038363171355498722,0.0006393861892583121,0.008951406649616368,0.00319693094629156,0.0006393861892583121,0.00639386189258312,0.3248081841432225,0.2557544757033248,0.3989769820971867,0.3248081841432225,0.2557544757033248,0.3989769820971867,0.0,0.0,0.0,1.5363705761004318,1.2273883130275158,1.8703030275062043,1.5363705761004318,1.2273883130275158,1.8703030275062043,0.0,0.0,0.0,0.0,0.0,0.0,0.4070210692972841,0.36432834003166487,0.451619778346121,0.1275057849226647,0.10169894044574354,0.15516989404457437,0.7792412617220772,0.7613384484228444,0.7966751918158534,0.9592924126172211,0.9458653026427968,0.9714407502131287,0.38107416879795397,0.33248081841432225,0.4296675191815857,391
llama-3.2-3b,sft,none,none,dense,random,1,on,none,42,0.7423273657289002,0.7273017902813299,0.7570332480818415,0.5468202004350081,0.5283956377892649,0.5652007703276734,0.4903371326784963,0.4698246049606505,0.5104615371883616,0.7796314877584157,0.760101602300811,0.7980510819598537,0.5602801437931739,0.5419114747137322,0.5787533583747199,0.500839040330616,0.48014978446044626,0.5211353151880334,0.771419099834569,0.7523879206851315,0.790148117124577,0.5773657289002557,0.530690537084399,0.6234015345268542,0.5888746803069054,0.540920716112532,0.6349104859335039,0.4124040920716113,0.3663682864450128,0.45971867007672634,0.41304347826086957,0.3670076726342711,0.46035805626598464,3.4884910485933505,2.8312020460358056,4.245524296675192,5.240409207161125,4.570332480818414,6.0076726342711,1.751918158567775,1.5319693094629157,1.989769820971867,7.926848074289548,7.098687831586505,8.845330818575565,13.311687202478423,12.401003291902924,14.247968915545039,5.384839128188875,4.712558634298859,6.093027124818631,0.392624816952359,0.3573235204937737,0.42801517181312565,0.5205811000795805,0.48959267772830295,0.5516353602423028,0.4768613551633864,0.4454245477037716,0.5085456806375759,0.5626172208013642,0.5300511508951405,0.5942881500426257,0.5782182438192668,0.5319693094629157,0.6240409207161125,0.6670929241261722,0.6210571184995738,0.7131287297527708,391
llama-3.2-3b,sft,none,none,dense,similar,1,off,none,42,0.7640664961636828,0.7506393861892583,0.7774936061381074,0.6086154894111945,0.5909979834752093,0.6259725739261041,0.5470105657605733,0.5274811901326701,0.5663498092541197,0.8138472379930793,0.8015095763041845,0.8256709714374884,0.6226559009037923,0.6049897522541564,0.6400351646631998,0.5585843911239983,0.538977496189369,0.5783377231501913,0.8073407589931927,0.7950329340784751,0.8192154483874435,0.5671355498721228,0.520460358056266,0.6138107416879796,0.5748081841432225,0.5268542199488491,0.6221227621483376,0.4251918158567775,0.3778772378516624,0.4731457800511509,0.4264705882352941,0.37915601023017903,0.4744245524296675,1.4808184143222507,1.248081841432225,1.7672634271099745,4.7774936061381075,4.411764705882353,5.171355498721228,3.296675191815857,2.9820971867007673,3.6240409207161126,4.170513032211506,3.6492751850427934,4.701183226417279,14.133595671740087,13.253591066995417,15.041297342097815,9.963082639528578,9.091509913868435,10.866617952632508,0.6706418796421805,0.6355992523097981,0.705305256734473,0.7476942970774777,0.7188662999404685,0.7762439514583338,0.25230570292252263,0.22375604854166622,0.2811337000595315,0.5612958226768968,0.5288576300085249,0.5940750213128727,0.5694799658994032,0.5223785166240409,0.61615515771526,0.6751918158567775,0.629156010230179,0.7212276214833759,391
llama-3.2-3b,sft,none,none,dense,similar,1,on,hardmask,42,0.7635869565217391,0.7493606138107417,0.7773337595907929,0.5902165585626713,0.5718241977023559,0.6084228757489755,0.5435126525567845,0.5237606953605556,0.5632896810109141,0.8120215769923861,0.7987872599183446,0.8245181940553133,0.6079059391392931,0.5891922069671911,0.6261518669448758,0.5548670573563542,0.5346206607583701,0.5751781237646542,0.8025577651036669,0.7892078885718075,0.8152752385267517,0.5517902813299232,0.5044757033248082,0.59846547314578,0.5632992327365729,0.5159846547314578,0.610613810741688,0.4578005115089514,0.4117647058823529,0.5044757033248082,0.43861892583120204,0.391304347826087,0.4859335038363171,2.6675191815856776,2.4373401534526855,2.9539641943734014,2.6675191815856776,2.4373401534526855,2.9539641943734014,0.0,0.0,0.0,8.557886149081371,7.89539684062619,9.243116356843336,8.557886149081371,7.89539684062619,9.243116356843336,0.0,0.0,0.0,0.0,0.0,0.0,0.2363199389414223,0.20961559753119846,0.2639604640883414,0.7457772477593448,0.7168808883642642,0.7741880810295132,0.5528132992327368,0.5200341005967606,0.5854646206308609,0.5466751918158568,0.4997868712702473,0.5935635123614663,0.7135549872122762,0.6687979539641944,0.7561807331628303,391
llama-3.2-3b,sft,none,none,dense,similar,1,on,none,42,0.7634271099744245,0.7501598465473146,0.7763746803069054,0.6005752537817532,0.5824017742137202,0.6186240580224057,0.5487346154593761,0.5282660921328293,0.5688106989991815,0.8150143252919092,0.8021572328284573,0.8272873492497007,0.6154215954397559,0.5970157536515647,0.6336687937220604,0.5613863014915604,0.5404773070303291,0.5818117314645718,0.8067274246831684,0.7933527696925355,0.8194185311684523,0.5677749360613811,0.5210997442455243,0.6144501278772379,0.5754475703324808,0.5281329923273658,0.6227621483375959,0.42455242966751916,0.3772378516624041,0.4718670076726343,0.4264705882352941,0.37915601023017903,0.47378516624040923,1.5421994884910486,1.2864450127877238,1.8618925831202047,4.705882352941177,4.319693094629156,5.132992327365729,3.163682864450128,2.8542199488491047,3.4910485933503836,4.314211939377275,3.780071322092707,4.867518359429629,13.821439203797695,12.956890129521263,14.701737813157095,9.50722726442041,8.639076261701362,10.411768145285917,0.6497707003559268,0.6139019335310897,0.6856671485481083,0.7282982048124219,0.6989709524048322,0.7576272786104292,0.2691442504305451,0.24000909284119756,0.29862620705106036,0.5664961636828645,0.5338448422847405,0.5988917306052856,0.5722506393861891,0.5257885763000852,0.6189258312020459,0.6828644501278772,0.6368286445012787,0.7276214833759591,391
llama-3.2-3b,sft,none,none,dense,similar,2,on,none,42,0.7543158567774936,0.7404092071611253,0.7680626598465473,0.6010877362438029,0.5831577790484704,0.6189762872639153,0.5692353986924154,0.5495685813238502,0.5881535666817016,0.8329972143825668,0.8206278107050434,0.8444560669419711,0.6151256840768439,0.5971501009192393,0.6330971339827003,0.5819489517650451,0.5618775707139916,0.601258597225402,0.8246329063954561,0.8118536413630562,0.8364407074878283,0.571611253196931,0.5255754475703325,0.6170076726342711,0.579923273657289,0.5332480818414322,0.6259590792838875,0.42071611253196933,0.37468030690537085,0.4673913043478261,0.4219948849104859,0.37595907928388744,0.4680306905370844,1.6368286445012787,1.391304347826087,1.9156010230179028,4.639386189258312,4.283887468030691,5.010230179028133,3.002557544757033,2.6982097186700766,3.3273657289002556,4.797516842018461,4.216066243112612,5.385413384715276,14.52503945509938,13.656049772955596,15.394204657532889,9.72752261308091,8.87366157023059,10.61424434795036,0.6300375009791898,0.5936713333875286,0.6668638905851185,0.7125619802513207,0.6827757997669719,0.742851160609596,0.28743801974867905,0.25714883939040356,0.31722420023302783,0.566751918158568,0.5350809889173064,0.5989769820971862,0.5748081841432224,0.5289855072463768,0.6208439897698209,0.6790281329923273,0.6329923273657289,0.7237851662404092,391
llama-3.2-3b,sft,none,none,lexical,similar,1,on,none,42,0.7717391304347826,0.7576726342710998,0.78596547314578,0.6088874140290971,0.5909942405710027,0.6270343320674066,0.5595917474299295,0.5393124785548977,0.5794892208143632,0.8060809885678084,0.7913016394504806,0.8201387436569804,0.6217817618809816,0.6035960046228148,0.6399800151048674,0.5700483059221642,0.5495805247718513,0.5902074083258882,0.7992126858600265,0.7844320374452854,0.8130631501717336,0.5805626598465473,0.532608695652174,0.6272378516624041,0.5895140664961637,0.5402813299232737,0.6368286445012787,0.41048593350383633,0.3631713554987212,0.45971867007672634,0.41048593350383633,0.3631713554987212,0.45971867007672634,1.80306905370844,1.421994884910486,2.3452685421994883,4.7774936061381075,4.30690537084399,5.3631713554987215,2.9744245524296673,2.659846547314578,3.3043478260869565,4.955224840704648,4.31523517829418,5.659568702570243,13.59994236889285,12.72891977822874,14.51338606694429,8.6447175281882,7.8441596449231,9.473540572553876,0.6116963175865886,0.5744716599546242,0.6483457700514466,0.6953588042003475,0.6643163214942729,0.7262795978942163,0.3046411957996528,0.2737204021057838,0.33568367850572717,0.5610826939471437,0.5291560102301786,0.5936487638533676,0.5839727195225916,0.5364450127877238,0.6306479113384483,0.6521739130434783,0.6048593350383632,0.6994884910485933,391
llama-3.2-3b,sft,none,none,none,none,0,on,none,42,0.7412084398976982,0.7273017902813299,0.7552749360613811,0.5952912073527988,0.5772721302149626,0.6126108234139273,0.5576543217520383,0.5367205200839501,0.5775985061109125,0.8615058280546647,0.850679982729885,0.871909052514664,0.6097741352678483,0.5917471213364923,0.6270899845031425,0.5682997586694815,0.5469858123877908,0.5884801887139981,0.8521183026416222,0.8407809990446281,0.8627327379515713,0.6329923273657289,0.5875959079283888,0.6764705882352942,0.6483375959079284,0.6029411764705882,0.6924552429667519,0.3523017902813299,0.30818414322250637,0.3976982097186701,0.3523017902813299,0.30818414322250637,0.3976982097186701,4.258312020460358,3.823529411764706,4.751918158567775,4.258312020460358,3.823529411764706,4.751918158567775,0.0,0.0,0.0,12.356835068480027,11.61326365643204,13.122592696322986,12.356835068480027,11.61326365643204,13.122592696322986,0.0,0.0,0.0,0.0,0.0,0.0,0.21736379896452115,0.19383706284187702,0.24119101566070134,0.7826362010354794,0.7588089843392991,0.8061629371581236,0.6070758738277917,0.5766410912190957,0.6371270247229313,0.6398124467178176,0.5950554134697357,0.6835038363171355,0.6381074168797954,0.5907928388746803,0.6854219948849105,391
mistral-7b-v0.3,base,none,none,dense,similar,1,on,none,42,0.7958759590792839,0.7845268542199488,0.8070652173913043,0.6208453908450038,0.6055511922700068,0.6360335154156672,0.5720512148808378,0.5562294522984637,0.5873640384612491,0.8728074593007412,0.8650911348250211,0.8800820220461891,0.6311152327400977,0.6158698225786338,0.6464436363879775,0.5788192575711817,0.5626438391764582,0.594380620697677,0.8619713368623153,0.8535282006653984,0.8699019145782646,0.6234015345268542,0.5760869565217391,0.6694373401534527,0.6387468030690537,0.5907928388746803,0.6854219948849105,0.3625319693094629,0.31521739130434784,0.41048593350383633,0.3695652173913043,0.32289002557544755,0.41687979539641945,1.721227621483376,1.5728900255754477,1.8746803069053708,2.4629156010230178,2.268542199488491,2.6675191815856776,0.7416879795396419,0.6240409207161125,0.8695652173913043,4.585982728435079,4.231046987088359,4.944815639564437,6.506302007148178,6.058287398975857,6.972552601612032,1.920319278713107,1.6346458514505677,2.226299684725374,0.23059107701051443,0.19985892907887792,0.26338955872203956,0.49071644468063896,0.4578731228986985,0.5231578665721889,0.44278739163649655,0.4106642788867855,0.47596526093968566,0.5921994884910483,0.559846547314578,0.6243819266837168,0.6208439897698209,0.5739556692242113,0.667092924126172,0.6359761295822678,0.5882352941176471,0.6837169650468884,391
mistral-7b-v0.3,base,none,none,none,none,0,on,none,42,0.7631074168797954,0.7536764705882353,0.7726982097186701,0.5755955346572758,0.5620265551474537,0.5890166031907931,0.5523163045542492,0.5406301025532754,0.5638528166439765,0.874213490034918,0.8685356117880253,0.8799055807120965,0.581118893722153,0.5677444448044466,0.59419210727274,0.5513267794279781,0.53948575687124,0.5629778982014532,0.8573794328343228,0.8505872803575852,0.864186587083675,0.9744245524296675,0.9648337595907929,0.9827365728900256,0.9974424552429667,0.9923273657289002,1.0,0.010230179028132993,0.0038363171355498722,0.01854219948849105,0.02557544757033248,0.017263427109974423,0.03516624040920716,0.3145780051150895,0.2557544757033248,0.37851662404092073,0.3145780051150895,0.2557544757033248,0.37851662404092073,0.0,0.0,0.0,0.9454593910968443,0.7649426733277981,1.1362824025398437,0.9454593910968443,0.7649426733277981,1.1362824025398437,0.0,0.0,0.0,0.0,0.0,0.0,0.5407167214711972,0.49725672877846794,0.5853732797466814,0.10634210205821458,0.08484045792229934,0.12920777006454762,0.7903239556692213,0.7719948849104828,0.8083120204603553,0.9627024722932653,0.9497016197783462,0.9746376811594204,0.4008951406649616,0.3523017902813299,0.44906223358908776,391
mistral-7b-v0.3,dpo,balanced,retrieval_aware,dense,similar,1,on,none,42,0.77653452685422,0.7639066496163683,0.7888427109974424,0.5763036325729766,0.5577234502758471,0.5950765361859744,0.5201732623544061,0.5019778188804237,0.5380879322783898,0.7639741923498071,0.7501169108521298,0.7773121936851756,0.5914330539920902,0.5725477097340074,0.6106079554267185,0.5322098086149456,0.5137793829717585,0.5504604621790772,0.7595798381606637,0.7453783448699796,0.7732887325994194,0.6336317135549873,0.5882352941176471,0.6790281329923273,0.6432225063938619,0.5971867007672634,0.6886189258312021,0.358695652173913,0.3126598465473146,0.4047314578005115,0.35741687979539644,0.31202046035805625,0.40281329923273657,0.17135549872122763,0.13043478260869565,0.21739130434782608,4.289002557544757,4.005115089514066,4.58312020460358,4.117647058823529,3.8312020460358056,4.40920716112532,0.4671755584549151,0.35164255245445974,0.586365624819852,10.97763171908932,10.334237489172438,11.650620828278244,10.5104561606344,9.878225790558528,11.164054031717294,0.9186018939855259,0.8957533869937967,0.9396824474190204,0.9494181862468307,0.9324467731756736,0.9645688710266714,0.027563910939870012,0.020486745422806808,0.03515636821263418,0.5985507246376808,0.5668797953964189,0.6304347826086946,0.6338448422847398,0.5884484228473997,0.6792412617220802,0.6274509803921569,0.5792838874680307,0.675618073316283,391
mistral-7b-v0.3,dpo,balanced,retrieval_aware,none,none,0,on,none,42,0.6986892583120204,0.6859015345268542,0.7111572890025576,0.5596059535503292,0.5449940540155922,0.5741345150719592,0.5348758480878172,0.52119204412174,0.548285944846054,0.8458907081343024,0.8383639139287612,0.8529819083945526,0.5667395156938969,0.5522667093166571,0.5810665001873129,0.5334358625419484,0.5196905581286321,0.5468314393301632,0.8277052150053137,0.8194221314566824,0.8358046473444575,0.5575447570332481,0.5095907928388747,0.6054987212276215,0.5632992327365729,0.5153452685421995,0.6118925831202046,0.43925831202046034,0.391304347826087,0.48785166240409206,0.43861892583120204,0.3906649616368286,0.48657289002557547,0.18414322250639387,0.13810741687979539,0.23273657289002558,0.18414322250639387,0.13810741687979539,0.23273657289002558,0.0,0.0,0.0,0.6479976171898639,0.4911028789222212,0.8157100124265074,0.6479976171898639,0.4911028789222212,0.8157100124265074,0.0,0.0,0.0,0.0,0.0,0.0,0.5574473267567895,0.5122092315186942,0.6040859822189746,0.07682377298745584,0.056947996589940306,0.09847765193033733,0.5226342710997443,0.4886615515771523,0.5564364876385333,0.5562659846547314,0.5085251491901108,0.604006820119352,0.6368286445012787,0.5895140664961637,0.6841432225063938,391
mistral-7b-v0.3,dpo,balanced,retrieval_free,dense,similar,1,on,none,42,0.7130754475703325,0.6996483375959079,0.726502557544757,0.5673424442149404,0.548807566457785,0.5854820481028707,0.5730808619039383,0.5560216010512565,0.5904714018554769,0.8503794188008589,0.8381216419322411,0.861978256203177,0.5755169972624254,0.5569696887568563,0.5938814894644839,0.5763368551796586,0.5590289648631448,0.5940854322503335,0.8378669016653925,0.8252688697384446,0.8497417291716847,0.9290281329923273,0.9111253196930946,0.9462915601023018,0.960997442455243,0.9456521739130435,0.9750639386189258,0.04411764705882353,0.029411764705882353,0.05946291560102302,0.04092071611253197,0.026854219948849106,0.056265984654731455,0.23273657289002558,0.17902813299232737,0.2915601023017903,0.8823529411764706,0.7212276214833759,1.0537084398976981,0.649616368286445,0.5012787723785166,0.8107416879795396,0.7046598280123799,0.5405644306642186,0.8817783970378003,2.464452452527092,2.0352462352417184,2.925223618219824,1.759792624514711,1.3655127367598665,2.1908108253906975,0.2119494174481387,0.1741545893719806,0.2510372264847968,0.5910353996671132,0.5465351357934478,0.6356107660455487,0.071368692404498,0.05412759306621198,0.0896754353915479,0.7670929241261696,0.748081841432222,0.7855072463768087,0.9292412617220802,0.9111253196930947,0.9465046888320545,0.42284739982949704,0.37468030690537085,0.47101449275362317,391
mistral-7b-v0.3,dpo,balanced,retrieval_free,none,none,0,on,none,42,0.725383631713555,0.712116368286445,0.7383312020460358,0.5359823817147367,0.5213200552303804,0.5503400044153025,0.5697079656984172,0.5553415735114043,0.5836799708827637,0.8552366024278619,0.8440064935923537,0.8652908063453176,0.5427575775670049,0.5280547638652644,0.556965710888928,0.5704765273877545,0.556074145930006,0.5844857634296615,0.837608238772663,0.825703577693466,0.8485339334248887,0.9565217391304348,0.9418158567774936,0.9699488491048593,0.9757033248081841,0.9622762148337596,0.9872122762148338,0.028132992327365727,0.0159846547314578,0.04156010230179028,0.02557544757033248,0.014066496163682864,0.03836317135549872,0.1918158567774936,0.14578005115089515,0.24040920716112532,0.1918158567774936,0.14578005115089515,0.24040920716112532,0.0,0.0,0.0,0.6968481578112371,0.5331752733591887,0.8674638104993294,0.6968481578112371,0.5331752733591887,0.8674638104993294,0.0,0.0,0.0,0.0,0.0,0.0,0.501339666301303,0.45528559249786854,0.5476129582267691,0.07666544878821092,0.05652782852271341,0.09719279015954206,0.7833759590792807,0.7658567774936029,0.8002557544757,0.9578005115089514,0.9435208866155158,0.9708013640238704,0.3989769820971867,0.35038363171355497,0.4475703324808184,391
mistral-7b-v0.3,sft,none,none,dense,random,1,on,none,42,0.7485613810741688,0.7338554987212276,0.7627877237851662,0.5611908059254876,0.5423065160524128,0.5800709642957061,0.5507363270536145,0.5306783131379186,0.5705978653772775,0.8156179746474757,0.7972541994908277,0.8327621035563672,0.573936679547818,0.5548251584175241,0.592873859618314,0.5627275893885147,0.5423888577973359,0.5826321336152275,0.8084057172774659,0.7906219440195567,0.825224908378423,0.6265984654731458,0.5812020460358056,0.6713554987212276,0.6381074168797954,0.592071611253197,0.6841432225063938,0.3631713554987212,0.3177749360613811,0.4092071611253197,0.3625319693094629,0.3171355498721228,0.4085677749360614,3.0460358056265986,2.762148337595908,3.3861892583120206,4.069053708439898,3.772378516624041,4.421994884910486,1.0230179028132993,0.8542199488491049,1.2020460358056266,7.894806172273442,7.32365564745857,8.472285117208655,10.691352774241835,10.112891649794307,11.277289580988331,2.7965466019683904,2.3518981596641657,3.2664898721941764,0.24368998601599132,0.20898170079483683,0.2791849007920728,0.4109024076684595,0.3783488822390422,0.4439148058982492,0.5890975923315404,0.5560851941017508,0.6216511177609577,0.6042625745950554,0.5728900255754475,0.6349104859335035,0.6315004262574595,0.5863171355498721,0.6760443307757884,0.6534526854219949,0.6074168797953964,0.6994884910485933,391
mistral-7b-v0.3,sft,none,none,dense,similar,1,off,none,42,0.7587915601023018,0.7447250639386189,0.7725383631713555,0.6101553226120691,0.5919482075643772,0.6284230694193785,0.5796084868485428,0.5600578694632028,0.5990646758165673,0.8374149837457311,0.8249978094607058,0.8492623015742777,0.6227683705711322,0.6042252229730602,0.6411866983013477,0.592153263224255,0.5722840715272236,0.6118407083334821,0.8284997286089241,0.8156357745990119,0.8407358670478586,0.5933503836317136,0.5466751918158568,0.639386189258312,0.6035805626598465,0.5562659846547314,0.6502557544757033,0.39641943734015345,0.34974424552429667,0.4437340153452685,0.3976982097186701,0.3510230179028133,0.44501278772378516,1.9667519181585678,1.6879795396419437,2.3222506393861893,4.360613810741688,4.002557544757034,4.782608695652174,2.39386189258312,2.135549872122762,2.6675191815856776,4.921646030531934,4.409003360131856,5.45512693759646,10.782913956018755,10.149960422762488,11.43034305149926,5.86126792548682,5.2958692862912295,6.458022868665962,0.5138040525828248,0.47610236452947463,0.5535816698220791,0.6359785087571861,0.6052254638195661,0.6673936699545799,0.36402149124281385,0.33260633004542023,0.3947745361804334,0.5884057971014491,0.5560528559249792,0.620161977834612,0.5969735720375107,0.5500852514919012,0.6427962489343563,0.6764705882352942,0.6304347826086957,0.7225063938618926,391
mistral-7b-v0.3,sft,none,none,dense,similar,1,on,hardmask,42,0.7666240409207161,0.7527173913043478,0.7803708439897699,0.6144538621709195,0.5963524623927553,0.6323948194474659,0.5898564289757284,0.5709137496042536,0.6085381847092676,0.8514240681362883,0.8409749219941971,0.8613980619803719,0.6301147289426137,0.6117366714597973,0.6481908888149316,0.6020061669762753,0.5827159040932111,0.6211784765943518,0.8424503573066439,0.8317642358257947,0.8530201450028383,0.6054987212276215,0.5581841432225064,0.6508951406649617,0.6163682864450127,0.5690537084398977,0.6624040920716112,0.39641943734015345,0.3510230179028133,0.4430946291560102,0.38491048593350385,0.33951406649616367,0.4322250639386189,3.112531969309463,2.920716112531969,3.3145780051150897,3.112531969309463,2.920716112531969,3.3145780051150897,0.0,0.0,0.0,8.39112139889052,7.880746583855416,8.908362197394565,8.39112139889052,7.880746583855416,8.908362197394565,0.0,0.0,0.0,0.0,0.0,0.0,0.23501448821141924,0.21090625770932675,0.2594966414659509,0.7649855117885804,0.7405033585340492,0.7890937422906731,0.5964194373401537,0.5641943734015347,0.6276641091219096,0.6023017902813298,0.555626598465473,0.646845694799659,0.6875532821824383,0.6427962489343564,0.7323103154305202,391
mistral-7b-v0.3,sft,none,none,dense,similar,1,on,none,42,0.7618286445012787,0.7482416879795396,0.7750959079283888,0.6214660702879778,0.6037157613717996,0.6388104789295825,0.5899681540558901,0.5712399354140281,0.608403343271026,0.8418961632282228,0.8306054353256664,0.8525802453460596,0.6339393413934681,0.6158777038610623,0.6513145239531907,0.603154542388323,0.5839784451503274,0.6218204956627104,0.8326865320315446,0.8205406073566592,0.8442232249795324,0.6240409207161125,0.578005115089514,0.670076726342711,0.6349104859335039,0.5882352941176471,0.6809462915601023,0.3657289002557545,0.319693094629156,0.4124040920716113,0.3657289002557545,0.319693094629156,0.4124040920716113,1.9769820971867007,1.751918158567775,2.237851662404092,4.370843989769821,4.061381074168798,4.70076726342711,2.39386189258312,2.135549872122762,2.670076726342711,5.069437286062749,4.597169077056419,5.558424014236662,11.07463880226227,10.476874621880569,11.672944980444406,6.005201516199521,5.429778354601395,6.593155779760388,0.5138763273438738,0.47673332646416544,0.5533295793359344,0.6323265243490978,0.6016872091278083,0.6635223929039257,0.36767347565090236,0.33647760709607505,0.39831279087219157,0.6068201193520883,0.5751065643648766,0.6383205456095475,0.6257459505541347,0.5790707587382778,0.6715686274509802,0.6572890025575447,0.6112531969309463,0.7033248081841432,391
mistral-7b-v0.3,sft,none,none,dense,similar,2,on,none,42,0.7696611253196931,0.7555946291560103,0.7838874680306905,0.6154845394623237,0.597817177607438,0.6328843490083325,0.581862748497078,0.5633367037964643,0.5998382082491973,0.8441971330081716,0.8325170180986604,0.8550710467731252,0.6275930307508516,0.6095646268993915,0.6452632689562895,0.5952184923680655,0.5761569324161232,0.6136417891529047,0.8345090788801003,0.8223367115420759,0.8459584562827254,0.6400255754475703,0.5933503836317136,0.6854219948849105,0.6521739130434783,0.6048593350383632,0.6982097186700768,0.34846547314578,0.3024296675191816,0.39578005115089515,0.3491048593350384,0.3037084398976982,0.39641943734015345,1.9974424552429668,1.7800511508951407,2.2557544757033248,4.31457800511509,4.017902813299233,4.639386189258312,2.317135549872123,2.0588235294117645,2.5933503836317136,5.18294173900867,4.69525857098947,5.688949748237023,10.810248782477661,10.212716136935036,11.426344612126115,5.627307043468985,5.06868475735713,6.212337800030893,0.4841555858179898,0.4462435830722274,0.5220663891380002,0.6101152011847398,0.5796881400781656,0.6412499584814162,0.3898847988152602,0.35875004151858375,0.42031185992183434,0.6101023017902808,0.5784313725490194,0.6413043478260861,0.6406649616368286,0.5942028985507245,0.6862745098039216,0.6359761295822678,0.5878090366581414,0.6820119352088662,391
mistral-7b-v0.3,sft,none,none,lexical,similar,1,on,none,42,0.7632672634271099,0.7487212276214834,0.7771739130434783,0.6258264702499491,0.6080743886698048,0.6438673705036418,0.59284570923762,0.5743012110411194,0.6117272873126759,0.8400983784509741,0.8282055527048038,0.8516103377580033,0.6386713976334701,0.6207565703911786,0.6569043689143292,0.6044959689790202,0.5853770325257912,0.6235736956575182,0.8331954656049724,0.820961225977944,0.8449081395898024,0.6163682864450127,0.5690537084398977,0.6624040920716112,0.6265984654731458,0.5792838874680307,0.6732736572890026,0.3734015345268542,0.32672634271099743,0.42071611253196933,0.37468030690537085,0.3280051150895141,0.4219948849104859,1.8644501278772379,1.6930946291560103,2.051150895140665,4.10230179028133,3.8414322250639388,4.378516624040921,2.237851662404092,1.9846547314578005,2.501278772378517,4.966826654216639,4.511252753410207,5.436338415428294,10.420890447729327,9.858371808069046,10.998644664273973,5.454063793512673,4.895808243328683,6.023864374701709,0.4929677135879182,0.453788017183158,0.5316838390367803,0.6183282271265176,0.5858500161838432,0.6500489881934219,0.38167177287348275,0.34995101180657817,0.4141499838161571,0.5989769820971864,0.5671781756180732,0.6308184143222503,0.618925831202046,0.5720375106564365,0.6645353793691389,0.6560102301790282,0.6086956521739131,0.7020460358056266,391
mistral-7b-v0.3,sft,none,none,none,none,0,on,none,42,0.7482416879795396,0.7343350383631714,0.7618286445012787,0.5929857217760722,0.5748115890965686,0.6110993544621999,0.5960125245154128,0.5770078153686033,0.6146502628798993,0.8742517061398157,0.8660175960387111,0.8823955529333686,0.605245790694808,0.5869619463471004,0.6235823850043094,0.6089362328665584,0.5897570823506441,0.6276977394098125,0.8617777490554868,0.852729507876784,0.8706551617978479,0.6042199488491049,0.5562659846547314,0.6502557544757033,0.6118925831202046,0.5639386189258312,0.6585677749360613,0.3881074168797954,0.3414322250639386,0.4360613810741688,0.3887468030690537,0.3420716112531969,0.4367007672634271,3.8567774936061383,3.5217391304347827,4.260869565217392,3.8567774936061383,3.5217391304347827,4.260869565217392,0.0,0.0,0.0,10.606161236761187,10.056486751360827,11.17227020334428,10.606161236761187,10.056486751360827,11.17227020334428,0.0,0.0,0.0,0.0,0.0,0.0,0.2252748955377964,0.2021236104299893,0.2487460275127646,0.7747251044622042,0.7512539724872358,0.7978763895700114,0.6031116794543904,0.5710997442455236,0.6347826086956518,0.6116794543904518,0.564151747655584,0.657928388746803,0.6815856777493606,0.6355498721227621,0.7276214833759591,391
qwen2.5-7b,base,none,none,dense,similar,1,on,none,42,0.7599104859335039,0.7490409207161125,0.7707800511508951,0.7040407587068221,0.6902934533949108,0.7173661747160077,0.27934616791478645,0.2691092550565423,0.2897653627383429,0.845855038070008,0.8367535898371425,0.8542310703745888,0.7134708314240795,0.6996425163040352,0.7269203874766464,0.27765624113290294,0.26737417113233936,0.28822371255523915,0.8316272661051787,0.822089860125271,0.8406814448059062,0.9047314578005116,0.8804347826086957,0.9277493606138107,0.969309462915601,0.9514066496163683,0.9846547314578005,0.04156010230179028,0.024936061381074168,0.06010230179028133,0.09271099744245524,0.06969309462915602,0.1170076726342711,1.1790281329923273,1.0153452685421995,1.3529411764705883,1.6265984654731458,1.4194373401534526,1.8414322250639386,0.4475703324808184,0.3350383631713555,0.5754475703324808,1.160413400395894,1.0005668530813159,1.3312220268542199,1.6020031728444803,1.394702181795887,1.8157568734015346,0.4415897724485864,0.3296835038363171,0.5669557225063938,0.1330466705786399,0.10454683849824513,0.16324599668589437,0.48584738648677284,0.4466185420149616,0.526562134938094,0.29420376440836804,0.26074118407878005,0.32737640307972776,0.7458653026427942,0.7238704177323078,0.7677749360613785,0.8902387041773233,0.8642369991474851,0.9147485080988921,0.44479965899403245,0.39705882352941174,0.4938192668371696,391
qwen2.5-7b,base,none,none,none,none,0,on,none,42,0.7266624040920716,0.7169117647058824,0.7364130434782609,0.6785522858235975,0.6657649862108836,0.6911098109739403,0.2568370263423902,0.24752131061091714,0.26619546712087955,0.8637075995850136,0.8573152518943142,0.8701363274508425,0.6864709612077725,0.6733822532359334,0.6991996956853233,0.25350407873093544,0.24417743679268525,0.26289230757466836,0.8483893020683543,0.8413631998364578,0.8554241020051415,0.9367007672634271,0.9226342710997443,0.9494884910485933,1.0,1.0,1.0,0.024296675191815855,0.016624040920716114,0.03324808184143223,0.06010230179028133,0.0479539641943734,0.07352941176470588,0.6649616368286445,0.5754475703324808,0.7647058823529411,0.6649616368286445,0.5754475703324808,0.7647058823529411,0.0,0.0,0.0,0.6493765984654731,0.5619605179028133,0.7467830882352942,0.6493765984654731,0.5619605179028133,0.7467830882352942,0.0,0.0,0.0,0.0,0.0,0.0,0.4660445337555312,0.4259184833353632,0.5077406324848781,0.24495290869971184,0.21244671781756194,0.27875512523850104,0.756564364876383,0.7361040068201169,0.7765984654731434,0.906436487638534,0.887041773231032,0.9243393009377666,0.43115942028985504,0.38341858482523444,0.4797527706734868,391
qwen2.5-7b,dpo,balanced,retrieval_aware,dense,similar,1,on,none,42,0.7281010230179028,0.7159526854219949,0.7402493606138107,0.5979301762978175,0.5810517904044156,0.6142325924701246,0.5686189398723873,0.5500525504218075,0.5863270997818872,0.8451647780587911,0.834746205593314,0.8551200741849592,0.6048156835299662,0.5877018359419429,0.6211906739689261,0.5703804918376403,0.5517677213805114,0.5882477469181145,0.8324324183756738,0.8215349535350605,0.843019450412077,0.8363171355498721,0.8088235294117647,0.8618925831202046,0.8861892583120204,0.860613810741688,0.9104859335038363,0.12148337595907928,0.09654731457800511,0.1483375959079284,0.11764705882352941,0.09271099744245524,0.1438618925831202,0.3350383631713555,0.26854219948849106,0.4040920716112532,1.7544757033248082,1.4936061381074168,2.030690537084399,1.4194373401534526,1.173913043478261,1.6828644501278773,1.1491190108029041,0.921155115881733,1.3899696473565253,5.273016544763476,4.607176679913678,5.965903590272428,4.123897533960575,3.503075047621252,4.769910537612797,0.3794635245402509,0.33420919092274604,0.42655989932204774,0.6387491371119719,0.5966972241201614,0.6822197595333278,0.09270866339953696,0.0735615923090684,0.11277703018179533,0.7183290707587365,0.6946291560102279,0.7416453537936891,0.8476129582267693,0.8196930946291562,0.87382779198636,0.473145780051151,0.4241261722080136,0.5208866155157715,391
qwen2.5-7b,dpo,balanced,retrieval_aware,none,none,0,on,none,42,0.6972506393861893,0.6852621483375959,0.7092391304347826,0.5417987950970309,0.5274978287459846,0.5557434079158621,0.5689577938521105,0.5533845188783989,0.5841271365290825,0.8732640224954357,0.866699292074384,0.8796791595876065,0.5482557140683986,0.5340707582356885,0.5619362455968916,0.5698863591218247,0.5539759238085885,0.5852244467836898,0.859427602547209,0.8521489435449585,0.8667353708725756,0.850383631713555,0.8305626598465473,0.8702046035805626,0.9616368286445013,0.9475703324808185,0.9744245524296675,0.04411764705882353,0.030690537084398978,0.05946291560102302,0.043478260869565216,0.030690537084398978,0.058184143222506396,0.5652173913043478,0.46547314578005117,0.670076726342711,0.5652173913043478,0.46547314578005117,0.670076726342711,0.0,0.0,0.0,2.33966746774292,1.918637853279963,2.7852265907137883,2.33966746774292,1.918637853279963,2.7852265907137883,0.0,0.0,0.0,0.0,0.0,0.0,0.4412617220801365,0.3992611537368573,0.48474810213940667,0.18277919863597616,0.15314415621321,0.21338854382332645,0.7146206308610378,0.6936913895993153,0.7348252344415999,0.8731884057971013,0.8516624040920721,0.8938618925831202,0.402387041773231,0.3537936913895993,0.45012787723785164,391
qwen2.5-7b,dpo,balanced,retrieval_free,dense,similar,1,on,none,42,0.7161125319693095,0.7046035805626598,0.7277813299232737,0.5735171104317693,0.5568384532649335,0.5897806417501553,0.595128053108617,0.5784847266708205,0.6116067511779831,0.8652228498093003,0.8576213046717827,0.8726724738355183,0.5794957034946058,0.5626856124008254,0.5959479478313402,0.5964731083651204,0.5795099781028077,0.6129501469443731,0.8522338925115288,0.8437509106858002,0.8605217532733517,0.9494884910485933,0.9335038363171355,0.9641943734015346,0.9731457800511509,0.959079283887468,0.9852941176470589,0.03132992327365729,0.017902813299232736,0.04603580562659847,0.03132992327365729,0.01854219948849105,0.04539641943734015,0.5728900255754475,0.47570332480818417,0.6751918158567775,1.0895140664961638,0.9053708439897699,1.2838874680306904,0.5166240409207161,0.36828644501278773,0.6751918158567775,2.189491731529797,1.8159123841013478,2.5894225249166833,3.868874518366272,3.302967021708913,4.450754507934246,1.6793827868364726,1.2607113316629153,2.1217400740308725,0.15625989526245276,0.124120082815735,0.1892583120204603,0.5006953617567427,0.45843310568374523,0.5437778121281958,0.16938136458596822,0.14096708917680786,0.1991006436019224,0.7766837169650438,0.758312020460355,0.7947570332480789,0.945225916453538,0.9279624893435637,0.9609974424552431,0.4079283887468031,0.3593350383631714,0.45652173913043476,391
qwen2.5-7b,dpo,balanced,retrieval_free,none,none,0,on,none,42,0.7117966751918159,0.699968030690537,0.72346547314578,0.5480496682216011,0.5327042421998712,0.5626977112908101,0.5876956545910388,0.573124776902384,0.6016134376365739,0.8650558337073802,0.8576973817689949,0.8719814349623287,0.5541836556705725,0.5387518928600149,0.5690274476199412,0.5885012850006417,0.5738629354198478,0.6026196075057285,0.8530893885266141,0.8450056489776162,0.8609810294702535,0.9635549872122762,0.9494884910485933,0.9757033248081841,0.9872122762148338,0.9757033248081841,0.9961636828644501,0.017902813299232736,0.0076726342710997444,0.030051150895140665,0.015345268542199489,0.005754475703324808,0.026854219948849106,0.649616368286445,0.5549872122762148,0.7519181585677749,0.649616368286445,0.5549872122762148,0.7519181585677749,0.0,0.0,0.0,2.7330998313856703,2.3398152052887804,3.1490545974312276,2.7330998313856703,2.3398152052887804,3.1490545974312276,0.0,0.0,0.0,0.0,0.0,0.0,0.39596796355108377,0.3552187653210671,0.4366065378213716,0.23830313619316182,0.20504997985816398,0.27248289505322754,0.7844842284739952,0.7666240409207125,0.8019181585677716,0.9599317988064795,0.9443734015345271,0.9739982949701621,0.39514066496163686,0.34654731457800514,0.4437340153452685,391
qwen2.5-7b,dpo,hard,retrieval_free,dense,similar,1,on,none,42,0.7135549872122762,0.7002877237851662,0.7261828644501279,0.6334670922014495,0.6178803185884412,0.6494589704439867,0.6358961560286501,0.6197413037622606,0.6519601005894019,0.8825832453682599,0.8744902441568692,0.8902875292484108,0.6396836344673805,0.6236764201274353,0.6557565382012217,0.6414041712516793,0.6248475312794666,0.6577176954141702,0.8704277954595473,0.8613223848897783,0.8792115012398156,0.6521739130434783,0.6061381074168798,0.6956521739130435,0.670076726342711,0.6234015345268542,0.7148337595907929,0.33312020460358055,0.2877237851662404,0.3804347826086957,0.33312020460358055,0.2883631713554987,0.3797953964194373,1.3861892583120206,1.2148337595907928,1.578005115089514,2.350383631713555,2.0946291560102304,2.629156010230179,0.9641943734015346,0.782608695652174,1.1611253196930946,4.632358724974706,4.128755674516612,5.1601493424207066,7.697381834093219,7.019749061609365,8.37676900600063,3.0650231091185143,2.580899491951736,3.5756826744671115,0.2951490740156779,0.25720679576178296,0.33439442058367885,0.5359588690201827,0.49863597612958205,0.572794892175024,0.3284912588570549,0.2948939984425916,0.36238342747125873,0.6202898550724635,0.5895140664961636,0.6510656436487634,0.6511082693947143,0.6048593350383631,0.6954390451832906,0.6359761295822678,0.5886615515771526,0.6828644501278772,391
qwen2.5-7b,dpo,hard,retrieval_free,none,none,0,on,none,42,0.6943734015345269,0.6812659846547314,0.7073209718670077,0.6018506742024129,0.5861504876157568,0.6173651645127897,0.6250134046420219,0.6091166853257233,0.6403651384551264,0.8817784136061169,0.8736423592433296,0.8894677965537362,0.6073690546089187,0.5915038663985783,0.6229037386008435,0.629661548119411,0.6137120610430894,0.6450977121344194,0.873963072629231,0.8657956978549128,0.8819400078195441,0.7097186700767263,0.6668797953964194,0.7512787723785166,0.7333759590792839,0.6892583120204604,0.7749360613810742,0.26982097186700765,0.22762148337595908,0.3139386189258312,0.26854219948849106,0.22698209718670076,0.3126598465473146,2.053708439897698,1.8414322250639386,2.2813299232736575,2.053708439897698,1.8414322250639386,2.2813299232736575,0.0,0.0,0.0,7.192760040668718,6.544494170615682,7.855919133129255,7.192760040668718,6.544494170615682,7.855919133129255,0.0,0.0,0.0,0.0,0.0,0.0,0.3212540585302735,0.2892915765677913,0.35437740009351276,0.5201781665336653,0.4823942752331501,0.5574809106778418,0.6582693947144069,0.6285592497868702,0.687084398976981,0.7131287297527705,0.6696504688832055,0.7551150895140665,0.597612958226769,0.5481670929241261,0.6453537936913897,391
qwen2.5-7b,dpo,structure,retrieval_free,dense,similar,1,on,none,42,0.6820652173913043,0.6694373401534527,0.6942135549872123,0.522562738721006,0.5059197512955479,0.5395030132720812,0.5747920102613197,0.5584871774147606,0.5908073434348491,0.8631533055811587,0.854618830449136,0.8711081831656453,0.5267236374610568,0.5100365366840357,0.5436956212138081,0.5769256721318546,0.5602825282140473,0.593312171788127,0.8473852453634257,0.8378406773747691,0.8564569171127456,0.9251918158567775,0.9092071611253197,0.940537084398977,0.9808184143222506,0.9712276214833759,0.9891304347826086,0.04411764705882353,0.03132992327365729,0.058184143222506396,0.04539641943734015,0.03324808184143223,0.058823529411764705,0.9769820971867008,0.7544757033248082,1.278772378516624,1.4654731457800512,1.19693094629156,1.7979539641943734,0.4884910485933504,0.34782608695652173,0.649616368286445,3.640664773151755,3.0610516770334044,4.263956614766652,5.481578833548419,4.744764676770345,6.242303090323697,1.8409140603966652,1.3735289799578285,2.3495774990506844,0.14136321195144724,0.11153939836804284,0.17233589087809034,0.4734907285099099,0.43268024601144806,0.5158363624156466,0.23239162443126646,0.1995525467712169,0.2651657485736771,0.7537936913895966,0.7349957374254026,0.772208013640236,0.9215686274509804,0.9038789428815002,0.9381926683716965,0.3989769820971867,0.35038363171355497,0.4475703324808184,391
qwen2.5-7b,dpo,structure,retrieval_free,none,none,0,on,none,42,0.6745524296675192,0.6630434782608695,0.6860613810741688,0.49236002500349296,0.4771398642522565,0.5072289418141828,0.5609482001110266,0.5465989600459531,0.5750064655341373,0.8626185670838027,0.8551668799136911,0.869582806859175,0.49615105357488,0.48097742693698636,0.5111168930629111,0.5629320453003811,0.548480174797454,0.5771849325164354,0.8479035797021578,0.8395442718740009,0.8560350996149165,0.9514066496163683,0.9386189258312021,0.9629156010230179,0.9923273657289002,0.9852941176470589,0.9974424552429667,0.019820971867007674,0.011508951406649617,0.029411764705882353,0.019820971867007674,0.012148337595907928,0.02877237851662404,1.2710997442455243,0.948849104859335,1.7365728900255755,1.2710997442455243,0.948849104859335,1.7365728900255755,0.0,0.0,0.0,5.1262425318010285,4.407857142860892,5.89485608887648,5.1262425318010285,4.407857142860892,5.89485608887648,0.0,0.0,0.0,0.0,0.0,0.0,0.3504109417152896,0.3110623959728819,0.39035329546838504,0.355471411225887,0.3156447559260858,0.39606828238541786,0.7709292412617191,0.7532821824381892,0.7884484228473966,0.9471440750213131,0.9326513213981243,0.9605711849957373,0.3887468030690537,0.340153452685422,0.4360613810741688,391
qwen2.5-7b,sft,none,none,dense,random,1,on,none,42,0.7274616368286445,0.7138746803069054,0.740888746803069,0.6103167073902599,0.5940645281252854,0.6261721041433334,0.6007227105991034,0.5832136907305345,0.6174545596557475,0.8560384308057063,0.8414808004865866,0.8695325025207247,0.6223600615224786,0.6060972592444914,0.6384298183260477,0.6131801411860875,0.5958292457178096,0.6301384612079245,0.8492431784682262,0.8349390822222166,0.8623962913785139,0.5709718670076727,0.5242966751918159,0.6170076726342711,0.5831202046035806,0.5358056265984654,0.6297953964194374,0.41751918158567775,0.37084398976982097,0.4641943734015345,0.41815856777493604,0.37148337595907927,0.46547314578005117,3.823529411764706,3.421994884910486,4.281329923273657,4.4884910485933505,4.069053708439898,4.959079283887468,0.6649616368286445,0.5268542199488491,0.8132992327365729,11.339095333690056,10.612196876248493,12.096510305107325,13.47916658712281,12.724030966480003,14.23463327640013,2.1400712534327693,1.7236768964287768,2.5808702477916015,0.15654721746918354,0.12931865603346096,0.18499210771771982,0.3466108022900165,0.3176176471339704,0.37522919443861247,0.6508316529529502,0.6218717315648263,0.6796998312855089,0.574978687127025,0.5426683716965047,0.6065217391304351,0.5720375106564364,0.5251491901108268,0.618073316283035,0.6930946291560103,0.6470588235294118,0.7378516624040921,391
qwen2.5-7b,sft,none,none,dense,similar,1,off,none,42,0.7525575447570333,0.7394501278772379,0.7661445012787724,0.6475749084346987,0.6305591763763203,0.6641960980559192,0.6377542530755217,0.6209207930096268,0.6541373691544318,0.874675110134932,0.8648388253529663,0.8838550175928399,0.6590328725704571,0.6418845576320704,0.675596234172493,0.6485765357073936,0.6313781695286784,0.6652779676719613,0.8700106045245515,0.8596007044586684,0.8800552123800263,0.6029411764705882,0.5556265984654731,0.649616368286445,0.6163682864450127,0.5677749360613811,0.6630434782608695,0.3836317135549872,0.33695652173913043,0.4322250639386189,0.38618925831202044,0.33951406649616367,0.43414322250639387,2.49616368286445,2.209718670076726,2.8849104859335037,4.125319693094629,3.764705882352941,4.565217391304348,1.629156010230179,1.391304347826087,1.8823529411764706,7.9357473601029005,7.29952589044254,8.592300270180386,12.79159104814617,12.092988485197914,13.510804559370253,4.855843688043277,4.2558086998974725,5.47563254563463,0.3465801580947511,0.31098460697151825,0.38335908341361946,0.5109797879769296,0.4786585322221697,0.5429059110155846,0.4890202120230704,0.4570940889844152,0.5213414677778302,0.5899829497016198,0.5573742540494456,0.6219522591645349,0.6025149190110827,0.5552003410059676,0.6487638533674338,0.6636828644501279,0.6176470588235294,0.7097186700767263,391
qwen2.5-7b,sft,none,none,dense,similar,1,on,hardmask,42,0.740888746803069,0.7258631713554987,0.7552749360613811,0.6420036850352815,0.6255944085829277,0.6583461798747018,0.6301570873295781,0.6131978790565499,0.6468422409008479,0.8755471206001003,0.8660762925891925,0.8844131544194258,0.6534839462830155,0.6365340291225363,0.6700946772985054,0.6415033293249862,0.6241671926132862,0.6584685911894983,0.8700815486481123,0.8593610814770164,0.880192543082225,0.5581841432225064,0.5095907928388747,0.6054987212276215,0.5684143222506394,0.5191815856777494,0.6157289002557544,0.4322250639386189,0.38491048593350385,0.48145780051150894,0.43350383631713557,0.38618925831202044,0.4820971867007673,3.79539641943734,3.39386189258312,4.29923273657289,3.79539641943734,3.39386189258312,4.29923273657289,0.0,0.0,0.0,11.546092799052142,10.827528010626306,12.294092806516248,11.546092799052142,10.827528010626306,12.294092806516248,0.0,0.0,0.0,0.0,0.0,0.0,0.24885022621595523,0.22346788619167143,0.27489414535450346,0.7281318709707466,0.7001248822220691,0.7556707784968658,0.5665814151747657,0.5339300937766417,0.5991048593350381,0.5609548167092924,0.5123614663256606,0.6082693947144074,0.699914748508099,0.6547314578005116,0.7442455242966752,391
qwen2.5-7b,sft,none,none,dense,similar,1,on,none,42,0.7501598465473146,0.7364130434782609,0.7637468030690537,0.6477567815440639,0.63170515645596,0.6637919958692459,0.6378575610199201,0.6208438755788928,0.6541761507997953,0.8759751415542324,0.8668234193187845,0.8845350169540976,0.6591711972936262,0.6426479743779163,0.6755084141849422,0.6485702087868678,0.6312122325351034,0.6652818820726696,0.8687628299531425,0.8582352630012785,0.8786178597099031,0.5895140664961637,0.5421994884910486,0.6361892583120204,0.6029411764705882,0.5549872122762148,0.6508951406649617,0.39705882352941174,0.3491048593350384,0.44501278772378516,0.3989769820971867,0.3516624040920716,0.4469309462915601,2.578005115089514,2.227621483375959,3.0562659846547313,4.242966751918159,3.836317135549872,4.746803069053708,1.6649616368286444,1.4296675191815857,1.9130434782608696,8.040427484011639,7.375283499372146,8.740488444891936,13.041364141953954,12.331799852662646,13.78087597633,5.000936657942316,4.415861905545211,5.616561892696376,0.36009765960651235,0.3248783966814656,0.3970065769254408,0.5229268316224834,0.491668519034248,0.5540571108346045,0.4770731683775167,0.44594288916539543,0.5083314809657519,0.579156010230179,0.5469735720375106,0.6115089514066492,0.5895140664961636,0.5417732310315432,0.6364023870417733,0.6687979539641944,0.6214833759590793,0.7135549872122762,391
qwen2.5-7b,sft,none,none,dense,similar,2,on,none,42,0.7498401534526854,0.7362531969309463,0.7631074168797954,0.6499771607096472,0.6347849922062911,0.6650623927262643,0.6401320333072378,0.6244929561211766,0.65521734277945,0.8760318853666106,0.8678100293554614,0.8837837954921186,0.6620490372181611,0.646625482594357,0.6772388207961532,0.6523226404940139,0.6366554591997848,0.6676160656328057,0.8686635559782043,0.8599437284652535,0.8769640937790542,0.6118925831202046,0.5632992327365729,0.6585677749360613,0.6265984654731458,0.578005115089514,0.6739130434782609,0.37404092071611256,0.32608695652173914,0.4226342710997442,0.37468030690537085,0.3273657289002558,0.42327365728900257,2.3964194373401533,2.104859335038363,2.7774936061381075,4.375959079283888,4.010230179028133,4.8081841432225065,1.979539641943734,1.7314578005115089,2.2480818414322252,7.519782274476439,6.9252176534463,8.153755391513577,13.449063071848686,12.766769115933633,14.168943625632306,5.92928079737224,5.2946584297851915,6.60889640498963,0.3998301754970507,0.3636798572461798,0.43726678831689925,0.5614233432862539,0.5300973801478582,0.5921754440444117,0.4385766567137467,0.4078245559555882,0.4699026198521417,0.5880221653878941,0.5559249786871273,0.6203751065643646,0.61231884057971,0.5643648763853368,0.658780903665814,0.6457800511508951,0.59846547314578,0.6930946291560103,391
qwen2.5-7b,sft,none,none,lexical,similar,1,on,none,42,0.742806905370844,0.729539641943734,0.7555946291560103,0.6592188393055809,0.6433934882767521,0.6750640118101345,0.6420949754965947,0.6261843639776663,0.6582013134204733,0.8781435371131239,0.8685793478013305,0.8872279266033636,0.6712023919792817,0.6553148107225132,0.6870600678006439,0.653826932805059,0.637685461773527,0.6701482695136489,0.8726308915735511,0.8622907968738195,0.8824559540852256,0.592071611253197,0.5434782608695652,0.639386189258312,0.6042199488491049,0.5549872122762148,0.6521739130434783,0.39578005115089515,0.34782608695652173,0.44501278772378516,0.3976982097186701,0.34974424552429667,0.4462915601023018,2.506393861892583,2.3069053708439897,2.70843989769821,4.166240409207161,3.887468030690537,4.457800511508951,1.659846547314578,1.4194373401534526,1.918158567774936,8.35637603850531,7.727033864560555,8.979600362365899,13.044343250068762,12.392021346110258,13.6995182597892,4.687967211563456,4.095710970216879,5.290465347063986,0.3413048354450491,0.30456902432605765,0.3773920665864401,0.4985304976353568,0.46531467253973674,0.5317084592020653,0.5014695023646433,0.4682915407979347,0.5346853274602634,0.5838874680306906,0.5511935208866156,0.6159846547314574,0.5946291560102301,0.546462063086104,0.6415174765558396,0.670076726342711,0.6240409207161125,0.7161125319693095,391
qwen2.5-7b,sft,none,none,none,none,0,on,none,42,0.7274616368286445,0.7133951406649617,0.7412084398976982,0.6215468722718556,0.605694009719588,0.6370701162921861,0.6312978662247223,0.6154713973182768,0.6462131588683986,0.8793690234084454,0.8707775070601146,0.8870047926902771,0.6336254263532278,0.6176434475629339,0.6492666900160833,0.644511861679164,0.6284734252646745,0.6596164314017426,0.8730586886196338,0.8637386169618048,0.881377122676967,0.5767263427109974,0.5274936061381074,0.6240409207161125,0.5856777493606138,0.5364450127877238,0.6336317135549873,0.4143222506393862,0.3663682864450128,0.4635549872122762,0.4156010230179028,0.36764705882352944,0.4648337595907928,4.125319693094629,3.7672634271099743,4.601023017902813,4.125319693094629,3.7672634271099743,4.601023017902813,0.0,0.0,0.0,13.960645347487915,13.295264275054764,14.65694891336616,13.960645347487915,13.295264275054764,14.65694891336616,0.0,0.0,0.0,0.0,0.0,0.0,0.22661056781900796,0.2031426974521605,0.2503792598421754,0.773389432180993,0.7496207401578253,0.7968573025478399,0.5848678601875537,0.5521312872975279,0.6175618073316279,0.5801364023870417,0.53154305200341,0.627237851662404,0.6982097186700768,0.6521739130434783,0.7416879795396419,391
