contrast,metric,mean_A,mean_B,paired_delta,boot_ci_lo,boot_ci_hi,wilcoxon_p,holm_q,rank_biserial_r,n_total,n_nonzero
Baseâ†’SFT|k0|llama-3.2-3b,ROUGE1_R,0.510547,0.595291,0.084744,0.066395,0.102693,0.000000,0.000000,0.561955,391,381
Baseâ†’SFT|k0|llama-3.2-3b,ROUGE1_F1,0.466795,0.557654,0.090859,0.067130,0.114572,0.000000,0.000000,0.486560,391,391
Baseâ†’SFT|k0|llama-3.2-3b,SBERT,0.825447,0.861506,0.036059,0.021639,0.051186,0.000000,0.000000,0.454042,391,391
Baseâ†’SFT|k0|llama-3.2-3b,CTQRS,0.717231,0.741208,0.023977,0.007992,0.039802,0.001465,0.444018,0.203115,391,319
Baseâ†’SFT|k0|llama-3.2-3b,ROUGE1_R_NORM,0.519017,0.609774,0.090757,0.072992,0.108707,0.000000,0.000000,0.576067,391,382
Baseâ†’SFT|k0|llama-3.2-3b,ROUGE1_F1_NORM,0.466897,0.568300,0.101402,0.077625,0.125037,0.000000,0.000000,0.508508,391,391
Baseâ†’SFT|k0|llama-3.2-3b,SBERT_NORM,0.809165,0.852118,0.042953,0.027977,0.058195,0.000000,0.000000,0.454747,391,391
Baseâ†’SFT|k0|llama-3.2-3b,SecFilled,0.835038,0.632992,-0.202046,-0.257033,-0.147698,0.000000,0.000000,-0.507613,391,213
Baseâ†’SFT|k0|llama-3.2-3b,SecPresence,0.902813,0.648338,-0.254476,-0.308824,-0.198849,0.000000,0.000000,-0.612997,391,165
Baseâ†’SFT|k0|llama-3.2-3b,CondFilledRate,0.692668,0.607076,-0.085592,-0.125835,-0.044585,0.000004,0.001388,-0.367893,391,207
Baseâ†’SFT|k0|llama-3.2-3b,UAHE_per_1kTok,0.963651,12.356835,11.393184,10.598321,12.185897,0.000000,0.000000,0.982111,391,388
Baseâ†’SFT|k0|llama-3.2-3b,UAHE_Total,0.289003,4.258312,3.969309,3.539642,4.473146,0.000000,0.000000,0.991777,391,378
Baseâ†’SFT|k0|llama-3.2-3b,ContextSupportRate,0.440448,0.217364,-0.223084,-0.263618,-0.183975,0.000000,0.000000,-0.726275,391,238
Baseâ†’SFT|k0|llama-3.2-3b,ContextUnattributedRate,0.117097,0.782636,0.665539,0.629607,0.700968,0.000000,0.000000,0.983121,391,368
Baseâ†’SFT|dense_k1|llama-3.2-3b,ROUGE1_R,0.397604,0.600575,0.202971,0.175963,0.229722,0.000000,0.000000,0.705208,391,384
Baseâ†’SFT|dense_k1|llama-3.2-3b,ROUGE1_F1,0.317016,0.548735,0.231718,0.207924,0.255669,0.000000,0.000000,0.830132,391,391
Baseâ†’SFT|dense_k1|llama-3.2-3b,SBERT,0.642930,0.815014,0.172084,0.147525,0.196356,0.000000,0.000000,0.689206,391,391
Baseâ†’SFT|dense_k1|llama-3.2-3b,CTQRS,0.568894,0.763427,0.194533,0.171196,0.218510,0.000000,0.000000,0.791785,391,352
Baseâ†’SFT|dense_k1|llama-3.2-3b,ROUGE1_R_NORM,0.407973,0.615422,0.207449,0.179650,0.235339,0.000000,0.000000,0.707341,391,385
Baseâ†’SFT|dense_k1|llama-3.2-3b,ROUGE1_F1_NORM,0.319757,0.561386,0.241630,0.217899,0.265383,0.000000,0.000000,0.842763,391,391
Baseâ†’SFT|dense_k1|llama-3.2-3b,SBERT_NORM,0.633398,0.806727,0.173329,0.149572,0.197255,0.000000,0.000000,0.692390,391,391
Baseâ†’SFT|dense_k1|llama-3.2-3b,SecFilled,0.399616,0.567775,0.168159,0.104859,0.231458,0.000000,0.000114,0.383979,391,215
Baseâ†’SFT|dense_k1|llama-3.2-3b,SecPresence,0.484655,0.575448,0.090793,0.021100,0.159207,0.008290,1.000000,0.192939,391,203
Baseâ†’SFT|dense_k1|llama-3.2-3b,CondFilledRate,0.429156,0.566496,0.137340,0.090963,0.183504,0.000000,0.000021,0.423908,391,214
Baseâ†’SFT|dense_k1|llama-3.2-3b,UAHE_per_1kTok,1.056214,4.314212,3.257998,2.618425,3.906368,0.000000,0.000000,0.756654,391,262
Baseâ†’SFT|dense_k1|llama-3.2-3b,UAHE_Total,0.432225,1.542199,1.109974,0.741688,1.480882,0.000000,0.000000,0.781432,391,244
Baseâ†’SFT|dense_k1|llama-3.2-3b,ContextSupportRate,0.388960,0.728298,0.339338,0.286415,0.392490,0.000000,0.000000,0.689283,391,319
Baseâ†’SFT|dense_k1|llama-3.2-3b,ContextUnattributedRate,0.104646,0.269144,0.164498,0.125871,0.203855,0.000000,0.000000,0.568546,391,257
SFTâ†’DPO_free_bal|k0|llama-3.2-3b,ROUGE1_R,0.595291,0.475946,-0.119345,-0.134697,-0.103823,0.000000,0.000000,-0.757059,391,390
SFTâ†’DPO_free_bal|k0|llama-3.2-3b,ROUGE1_F1,0.557654,0.562954,0.005299,-0.015149,0.025501,0.025857,1.000000,-0.130043,391,391
SFTâ†’DPO_free_bal|k0|llama-3.2-3b,SBERT,0.861506,0.862029,0.000524,-0.009762,0.011567,0.001965,0.589528,-0.180646,391,391
SFTâ†’DPO_free_bal|k0|llama-3.2-3b,CTQRS,0.741208,0.646579,-0.094629,-0.108216,-0.081202,0.000000,0.000000,-0.734900,391,334
SFTâ†’DPO_free_bal|k0|llama-3.2-3b,ROUGE1_R_NORM,0.609774,0.484243,-0.125531,-0.140656,-0.110041,0.000000,0.000000,-0.768730,391,389
SFTâ†’DPO_free_bal|k0|llama-3.2-3b,ROUGE1_F1_NORM,0.568300,0.566762,-0.001538,-0.021615,0.018886,0.004156,1.000000,-0.167258,391,391
SFTâ†’DPO_free_bal|k0|llama-3.2-3b,SBERT_NORM,0.852118,0.846608,-0.005510,-0.016467,0.006109,0.000172,0.055576,-0.219244,391,391
SFTâ†’DPO_free_bal|k0|llama-3.2-3b,SecFilled,0.632992,0.945013,0.312020,0.269821,0.355499,0.000000,0.000000,0.951086,391,179
SFTâ†’DPO_free_bal|k0|llama-3.2-3b,SecPresence,0.648338,0.998721,0.350384,0.305627,0.395780,0.000000,0.000000,0.999284,391,149
SFTâ†’DPO_free_bal|k0|llama-3.2-3b,CondFilledRate,0.607076,0.779241,0.172165,0.143478,0.202771,0.000000,0.000000,0.899157,391,171
SFTâ†’DPO_free_bal|k0|llama-3.2-3b,UAHE_per_1kTok,12.356835,1.536371,-10.820464,-11.613752,-10.055122,0.000000,0.000000,-0.964722,391,389
SFTâ†’DPO_free_bal|k0|llama-3.2-3b,UAHE_Total,4.258312,0.324808,-3.933504,-4.432225,-3.501279,0.000000,0.000000,-0.998327,391,383
SFTâ†’DPO_free_bal|k0|llama-3.2-3b,ContextSupportRate,0.217364,0.407021,0.189657,0.154667,0.226276,0.000000,0.000000,0.694247,391,228
SFTâ†’DPO_free_bal|k0|llama-3.2-3b,ContextUnattributedRate,0.782636,0.127506,-0.655130,-0.690643,-0.619693,0.000000,0.000000,-0.989841,391,367
SFTâ†’DPO_free_bal|dense_k1|llama-3.2-3b,ROUGE1_R,0.600575,0.497921,-0.102655,-0.117761,-0.087162,0.000000,0.000000,-0.762789,391,385
SFTâ†’DPO_free_bal|dense_k1|llama-3.2-3b,ROUGE1_F1,0.548735,0.551773,0.003038,-0.014522,0.021108,0.223337,1.000000,-0.071063,391,391
SFTâ†’DPO_free_bal|dense_k1|llama-3.2-3b,SBERT,0.815014,0.824541,0.009527,-0.004481,0.023128,0.057477,1.000000,0.110862,391,391
SFTâ†’DPO_free_bal|dense_k1|llama-3.2-3b,CTQRS,0.763427,0.671995,-0.091432,-0.105339,-0.077366,0.000000,0.000000,-0.692073,391,347
SFTâ†’DPO_free_bal|dense_k1|llama-3.2-3b,ROUGE1_R_NORM,0.615422,0.505235,-0.110187,-0.125418,-0.094904,0.000000,0.000000,-0.777633,391,383
SFTâ†’DPO_free_bal|dense_k1|llama-3.2-3b,ROUGE1_F1_NORM,0.561386,0.556464,-0.004922,-0.022843,0.013304,0.014041,1.000000,-0.143524,391,390
SFTâ†’DPO_free_bal|dense_k1|llama-3.2-3b,SBERT_NORM,0.806727,0.810903,0.004175,-0.010045,0.018262,0.393774,1.000000,0.049768,391,391
SFTâ†’DPO_free_bal|dense_k1|llama-3.2-3b,SecFilled,0.567775,0.938619,0.370844,0.325448,0.416240,0.000000,0.000000,0.968374,391,186
SFTâ†’DPO_free_bal|dense_k1|llama-3.2-3b,SecPresence,0.575448,0.978261,0.402813,0.355499,0.450128,0.000000,0.000000,0.982794,391,176
SFTâ†’DPO_free_bal|dense_k1|llama-3.2-3b,CondFilledRate,0.566496,0.774638,0.208142,0.176172,0.240410,0.000000,0.000000,0.929969,391,187
SFTâ†’DPO_free_bal|dense_k1|llama-3.2-3b,UAHE_per_1kTok,4.314212,1.582464,-2.731748,-3.310101,-2.174893,0.000000,0.000000,-0.699570,391,250
SFTâ†’DPO_free_bal|dense_k1|llama-3.2-3b,UAHE_Total,1.542199,0.358056,-1.184143,-1.506394,-0.933504,0.000000,0.000000,-0.892857,391,216
SFTâ†’DPO_free_bal|dense_k1|llama-3.2-3b,ContextSupportRate,0.728298,0.531319,-0.196979,-0.243381,-0.150018,0.000000,0.000000,-0.480251,391,286
SFTâ†’DPO_free_bal|dense_k1|llama-3.2-3b,ContextUnattributedRate,0.269144,0.115740,-0.153405,-0.188171,-0.118353,0.000000,0.000000,-0.615762,391,245
SFTâ†’DPO_aware_bal|k0|llama-3.2-3b,ROUGE1_R,0.595291,0.434828,-0.160463,-0.176159,-0.144129,0.000000,0.000000,-0.836960,391,388
SFTâ†’DPO_aware_bal|k0|llama-3.2-3b,ROUGE1_F1,0.557654,0.519017,-0.038637,-0.060695,-0.016560,0.000000,0.000160,-0.295083,391,391
SFTâ†’DPO_aware_bal|k0|llama-3.2-3b,SBERT,0.861506,0.845799,-0.015707,-0.027720,-0.003558,0.000000,0.000007,-0.328410,391,391
SFTâ†’DPO_aware_bal|k0|llama-3.2-3b,CTQRS,0.741208,0.643702,-0.097506,-0.114610,-0.080403,0.000000,0.000000,-0.646579,391,344
SFTâ†’DPO_aware_bal|k0|llama-3.2-3b,ROUGE1_R_NORM,0.609774,0.442559,-0.167215,-0.182691,-0.151547,0.000000,0.000000,-0.844187,391,390
SFTâ†’DPO_aware_bal|k0|llama-3.2-3b,ROUGE1_F1_NORM,0.568300,0.522724,-0.045576,-0.067808,-0.022445,0.000000,0.000016,-0.320480,391,390
SFTâ†’DPO_aware_bal|k0|llama-3.2-3b,SBERT_NORM,0.852118,0.833097,-0.019022,-0.031733,-0.006683,0.000000,0.000007,-0.328514,391,391
SFTâ†’DPO_aware_bal|k0|llama-3.2-3b,SecFilled,0.632992,0.874680,0.241688,0.196931,0.287084,0.000000,0.000000,0.737900,391,219
SFTâ†’DPO_aware_bal|k0|llama-3.2-3b,SecPresence,0.648338,0.994885,0.346547,0.300512,0.392583,0.000000,0.000000,0.995705,391,149
SFTâ†’DPO_aware_bal|k0|llama-3.2-3b,CondFilledRate,0.607076,0.733589,0.126513,0.096206,0.157120,0.000000,0.000000,0.625704,391,198
SFTâ†’DPO_aware_bal|k0|llama-3.2-3b,UAHE_per_1kTok,12.356835,1.413919,-10.942916,-11.679237,-10.206225,0.000000,0.000000,-0.984339,391,389
SFTâ†’DPO_aware_bal|k0|llama-3.2-3b,UAHE_Total,4.258312,0.245524,-4.012788,-4.498721,-3.595908,0.000000,0.000000,-1.000000,391,385
SFTâ†’DPO_aware_bal|k0|llama-3.2-3b,ContextSupportRate,0.217364,0.392751,0.175387,0.137925,0.212987,0.000000,0.000000,0.647048,391,229
SFTâ†’DPO_aware_bal|k0|llama-3.2-3b,ContextUnattributedRate,0.782636,0.095740,-0.686896,-0.720332,-0.652892,0.000000,0.000000,-0.993101,391,376
SFTâ†’DPO_aware_bal|dense_k1|llama-3.2-3b,ROUGE1_R,0.600575,0.414401,-0.186175,-0.201899,-0.170869,0.000000,0.000000,-0.916657,391,389
SFTâ†’DPO_aware_bal|dense_k1|llama-3.2-3b,ROUGE1_F1,0.548735,0.417035,-0.131699,-0.148596,-0.114655,0.000000,0.000000,-0.723024,391,390
SFTâ†’DPO_aware_bal|dense_k1|llama-3.2-3b,SBERT,0.815014,0.663198,-0.151816,-0.166164,-0.137238,0.000000,0.000000,-0.880996,391,391
SFTâ†’DPO_aware_bal|dense_k1|llama-3.2-3b,CTQRS,0.763427,0.695332,-0.068095,-0.082641,-0.052749,0.000000,0.000000,-0.528188,391,343
SFTâ†’DPO_aware_bal|dense_k1|llama-3.2-3b,ROUGE1_R_NORM,0.615422,0.427266,-0.188156,-0.203666,-0.172530,0.000000,0.000000,-0.918317,391,386
SFTâ†’DPO_aware_bal|dense_k1|llama-3.2-3b,ROUGE1_F1_NORM,0.561386,0.429107,-0.132279,-0.149762,-0.114996,0.000000,0.000000,-0.719168,391,390
SFTâ†’DPO_aware_bal|dense_k1|llama-3.2-3b,SBERT_NORM,0.806727,0.660101,-0.146627,-0.161337,-0.131784,0.000000,0.000000,-0.872723,391,391
SFTâ†’DPO_aware_bal|dense_k1|llama-3.2-3b,SecFilled,0.567775,0.794118,0.226343,0.187980,0.265985,0.000000,0.000000,0.905865,391,147
SFTâ†’DPO_aware_bal|dense_k1|llama-3.2-3b,SecPresence,0.575448,0.862532,0.287084,0.242327,0.333760,0.000000,0.000000,0.979039,391,132
SFTâ†’DPO_aware_bal|dense_k1|llama-3.2-3b,CondFilledRate,0.566496,0.676684,0.110188,0.084867,0.135253,0.000000,0.000000,0.787285,391,150
SFTâ†’DPO_aware_bal|dense_k1|llama-3.2-3b,UAHE_per_1kTok,4.314212,0.168654,-4.145558,-4.709124,-3.612184,0.000000,0.000000,-0.972700,391,244
SFTâ†’DPO_aware_bal|dense_k1|llama-3.2-3b,UAHE_Total,1.542199,0.043478,-1.498721,-1.821036,-1.245460,0.000000,0.000000,-0.993882,391,238
SFTâ†’DPO_aware_bal|dense_k1|llama-3.2-3b,ContextSupportRate,0.728298,0.793813,0.065515,0.015111,0.115896,0.002639,0.775803,0.207782,391,278
SFTâ†’DPO_aware_bal|dense_k1|llama-3.2-3b,ContextUnattributedRate,0.269144,0.011814,-0.257331,-0.287890,-0.227481,0.000000,0.000000,-0.975477,391,244
NoRAGâ†’RAG|sft|llama-3.2-3b,ROUGE1_R,0.595291,0.600575,0.005284,-0.012782,0.023718,0.848938,1.000000,-0.011290,391,379
NoRAGâ†’RAG|sft|llama-3.2-3b,ROUGE1_F1,0.557654,0.548735,-0.008920,-0.031276,0.014101,0.024631,1.000000,-0.131139,391,391
NoRAGâ†’RAG|sft|llama-3.2-3b,SBERT,0.861506,0.815014,-0.046492,-0.060177,-0.033149,0.000000,0.000000,-0.443029,391,391
NoRAGâ†’RAG|sft|llama-3.2-3b,CTQRS,0.741208,0.763427,0.022219,0.005914,0.038523,0.009986,1.000000,0.171774,391,294
NoRAGâ†’RAG|sft|llama-3.2-3b,ROUGE1_R_NORM,0.609774,0.615422,0.005647,-0.012514,0.024180,0.920806,1.000000,-0.005909,391,377
NoRAGâ†’RAG|sft|llama-3.2-3b,ROUGE1_F1_NORM,0.568300,0.561386,-0.006913,-0.030086,0.016341,0.035846,1.000000,-0.122475,391,391
NoRAGâ†’RAG|sft|llama-3.2-3b,SBERT_NORM,0.852118,0.806727,-0.045391,-0.058981,-0.031800,0.000000,0.000000,-0.411138,391,391
NoRAGâ†’RAG|sft|llama-3.2-3b,SecFilled,0.632992,0.567775,-0.065217,-0.109974,-0.019821,0.002865,0.833615,-0.306887,391,120
NoRAGâ†’RAG|sft|llama-3.2-3b,SecPresence,0.648338,0.575448,-0.072890,-0.118926,-0.026854,0.000223,0.071529,-0.390158,391,109
NoRAGâ†’RAG|sft|llama-3.2-3b,CondFilledRate,0.607076,0.566496,-0.040580,-0.071483,-0.009548,0.009458,1.000000,-0.271074,391,120
NoRAGâ†’RAG|sft|llama-3.2-3b,UAHE_per_1kTok,12.356835,4.314212,-8.042623,-8.925688,-7.162072,0.000000,0.000000,-0.837691,391,386
NoRAGâ†’RAG|sft|llama-3.2-3b,UAHE_Total,4.258312,1.542199,-2.716113,-3.260934,-2.189258,0.000000,0.000000,-0.861797,391,342
NoRAGâ†’RAG|sft|llama-3.2-3b,ContextSupportRate,0.217364,0.728298,0.510934,0.474933,0.546186,0.000000,0.000000,0.970037,391,360
NoRAGâ†’RAG|sft|llama-3.2-3b,ContextUnattributedRate,0.782636,0.269144,-0.513492,-0.549616,-0.478186,0.000000,0.000000,-0.975038,391,360
NoRAGâ†’RAG|dpo_retr_bal|llama-3.2-3b,ROUGE1_R,0.475946,0.497921,0.021975,0.008433,0.034840,0.000004,0.001461,0.276657,391,369
NoRAGâ†’RAG|dpo_retr_bal|llama-3.2-3b,ROUGE1_F1,0.562954,0.551773,-0.011181,-0.025255,0.002565,0.570275,1.000000,-0.033169,391,390
NoRAGâ†’RAG|dpo_retr_bal|llama-3.2-3b,SBERT,0.862029,0.824541,-0.037488,-0.050440,-0.025429,0.000000,0.000000,-0.357326,391,391
NoRAGâ†’RAG|dpo_retr_bal|llama-3.2-3b,CTQRS,0.646579,0.671995,0.025416,0.011509,0.039482,0.000019,0.006283,0.289852,391,283
NoRAGâ†’RAG|dpo_retr_bal|llama-3.2-3b,ROUGE1_R_NORM,0.484243,0.505235,0.020992,0.006874,0.034671,0.000005,0.001706,0.274233,391,370
NoRAGâ†’RAG|dpo_retr_bal|llama-3.2-3b,ROUGE1_F1_NORM,0.566762,0.556464,-0.010298,-0.024566,0.003596,0.689668,1.000000,-0.023333,391,390
NoRAGâ†’RAG|dpo_retr_bal|llama-3.2-3b,SBERT_NORM,0.846608,0.810903,-0.035705,-0.048655,-0.023512,0.000001,0.000287,-0.288350,391,391
NoRAGâ†’RAG|dpo_retr_bal|llama-3.2-3b,SecFilled,0.945013,0.938619,-0.006394,-0.023657,0.009591,0.725165,1.000000,-0.041728,391,82
NoRAGâ†’RAG|dpo_retr_bal|llama-3.2-3b,SecPresence,0.998721,0.978261,-0.020460,-0.033248,-0.008951,0.000427,0.135010,-0.911765,391,16
NoRAGâ†’RAG|dpo_retr_bal|llama-3.2-3b,CondFilledRate,0.779241,0.774638,-0.004604,-0.017733,0.008185,0.812009,1.000000,-0.037037,391,54
NoRAGâ†’RAG|dpo_retr_bal|llama-3.2-3b,UAHE_per_1kTok,1.536371,1.582464,0.046093,-0.297228,0.397259,0.808278,1.000000,-0.025630,391,119
NoRAGâ†’RAG|dpo_retr_bal|llama-3.2-3b,UAHE_Total,0.324808,0.358056,0.033248,-0.048593,0.120205,0.683509,1.000000,0.049580,391,84
NoRAGâ†’RAG|dpo_retr_bal|llama-3.2-3b,ContextSupportRate,0.407021,0.531319,0.124298,0.078931,0.169706,0.000000,0.000152,0.468433,391,150
NoRAGâ†’RAG|dpo_retr_bal|llama-3.2-3b,ContextUnattributedRate,0.127506,0.115740,-0.011766,-0.040994,0.017778,0.345467,1.000000,-0.111758,391,94
NoRAGâ†’RAG|dpo_retr_bal|llama-3.2-3b,ROUGE1_R,0.434828,0.414401,-0.020427,-0.037293,-0.003495,0.001440,0.437632,-0.188140,391,382
NoRAGâ†’RAG|dpo_retr_bal|llama-3.2-3b,ROUGE1_F1,0.519017,0.417035,-0.101982,-0.120277,-0.083305,0.000000,0.000000,-0.584869,391,391
NoRAGâ†’RAG|dpo_retr_bal|llama-3.2-3b,SBERT,0.845799,0.663198,-0.182600,-0.196620,-0.168994,0.000000,0.000000,-0.939141,391,391
NoRAGâ†’RAG|dpo_retr_bal|llama-3.2-3b,CTQRS,0.643702,0.695332,0.051630,0.034207,0.068734,0.000000,0.000003,0.365611,391,327
NoRAGâ†’RAG|dpo_retr_bal|llama-3.2-3b,ROUGE1_R_NORM,0.442559,0.427266,-0.015293,-0.032095,0.001374,0.009156,1.000000,-0.154275,391,380
NoRAGâ†’RAG|dpo_retr_bal|llama-3.2-3b,ROUGE1_F1_NORM,0.522724,0.429107,-0.093617,-0.112198,-0.074706,0.000000,0.000000,-0.553656,391,391
NoRAGâ†’RAG|dpo_retr_bal|llama-3.2-3b,SBERT_NORM,0.833097,0.660101,-0.172996,-0.187064,-0.159219,0.000000,0.000000,-0.922569,391,391
NoRAGâ†’RAG|dpo_retr_bal|llama-3.2-3b,SecFilled,0.874680,0.794118,-0.080563,-0.117008,-0.044757,0.000139,0.045264,-0.314768,391,187
NoRAGâ†’RAG|dpo_retr_bal|llama-3.2-3b,SecPresence,0.994885,0.862532,-0.132353,-0.165601,-0.100384,0.000000,0.000000,-0.965174,391,66
NoRAGâ†’RAG|dpo_retr_bal|llama-3.2-3b,CondFilledRate,0.733589,0.676684,-0.056905,-0.086787,-0.028942,0.001985,0.593627,-0.275449,391,167
NoRAGâ†’RAG|dpo_retr_bal|llama-3.2-3b,UAHE_per_1kTok,1.413919,0.168654,-1.245266,-1.614389,-0.899671,0.000000,0.000000,-0.846018,391,82
NoRAGâ†’RAG|dpo_retr_bal|llama-3.2-3b,UAHE_Total,0.245524,0.043478,-0.202046,-0.265985,-0.143223,0.000000,0.000000,-0.772894,391,77
NoRAGâ†’RAG|dpo_retr_bal|llama-3.2-3b,ContextSupportRate,0.392751,0.793813,0.401062,0.346059,0.455258,0.000000,0.000000,0.806645,391,232
NoRAGâ†’RAG|dpo_retr_bal|llama-3.2-3b,ContextUnattributedRate,0.095740,0.011814,-0.083927,-0.108796,-0.060318,0.000000,0.000000,-0.864198,391,80
k1â†’k2|sft|llama-3.2-3b,ROUGE1_R,0.600575,0.601088,0.000512,-0.013158,0.014340,0.973520,1.000000,0.002030,391,356
k1â†’k2|sft|llama-3.2-3b,ROUGE1_F1,0.548735,0.569235,0.020501,0.003554,0.037160,0.014465,1.000000,0.145147,391,378
k1â†’k2|sft|llama-3.2-3b,SBERT,0.815014,0.832997,0.017983,0.006823,0.029534,0.000871,0.268422,0.196823,391,381
k1â†’k2|sft|llama-3.2-3b,CTQRS,0.763427,0.754316,-0.009111,-0.022379,0.004156,0.161383,1.000000,-0.101606,391,247
k1â†’k2|sft|llama-3.2-3b,ROUGE1_R_NORM,0.615422,0.615126,-0.000296,-0.013612,0.013387,0.854432,1.000000,-0.011252,391,354
k1â†’k2|sft|llama-3.2-3b,ROUGE1_F1_NORM,0.561386,0.581949,0.020563,0.003820,0.037696,0.019902,1.000000,0.138366,391,377
k1â†’k2|sft|llama-3.2-3b,SBERT_NORM,0.806727,0.824633,0.017905,0.006711,0.029350,0.003164,0.917534,0.174479,391,381
k1â†’k2|sft|llama-3.2-3b,SecFilled,0.567775,0.571611,0.003836,-0.026854,0.033887,0.779257,1.000000,0.041496,391,58
k1â†’k2|sft|llama-3.2-3b,SecPresence,0.575448,0.579923,0.004476,-0.027494,0.036445,0.810829,1.000000,0.036953,391,51
k1â†’k2|sft|llama-3.2-3b,CondFilledRate,0.566496,0.566752,0.000256,-0.018714,0.019311,0.872600,1.000000,-0.023963,391,58
k1â†’k2|sft|llama-3.2-3b,UAHE_per_1kTok,4.314212,4.797517,0.483305,-0.130866,1.066502,0.081545,1.000000,0.118000,391,290
k1â†’k2|sft|llama-3.2-3b,UAHE_Total,1.542199,1.636829,0.094629,-0.263427,0.411765,0.271703,1.000000,0.083834,391,220
k1â†’k2|sft|llama-3.2-3b,ContextSupportRate,0.728298,0.712562,-0.015736,-0.045926,0.014050,0.301292,1.000000,-0.076001,391,246
k1â†’k2|sft|llama-3.2-3b,ContextUnattributedRate,0.269144,0.287438,0.018294,-0.011555,0.048100,0.220133,1.000000,0.090155,391,246
Denseâ†’Lex|sft_k1|llama-3.2-3b,ROUGE1_R,0.600575,0.608887,0.008312,-0.006625,0.023163,0.332027,1.000000,0.061613,391,330
Denseâ†’Lex|sft_k1|llama-3.2-3b,ROUGE1_F1,0.548735,0.559592,0.010857,-0.007570,0.028735,0.505870,1.000000,0.041389,391,344
Denseâ†’Lex|sft_k1|llama-3.2-3b,SBERT,0.815014,0.806081,-0.008933,-0.023181,0.005269,0.579744,1.000000,-0.034252,391,348
Denseâ†’Lex|sft_k1|llama-3.2-3b,CTQRS,0.763427,0.771739,0.008312,-0.004316,0.021260,0.170090,1.000000,0.097885,391,254
Denseâ†’Lex|sft_k1|llama-3.2-3b,ROUGE1_R_NORM,0.615422,0.621782,0.006360,-0.008069,0.020905,0.468599,1.000000,0.045895,391,332
Denseâ†’Lex|sft_k1|llama-3.2-3b,ROUGE1_F1_NORM,0.561386,0.570048,0.008662,-0.009781,0.027144,0.665888,1.000000,0.026824,391,345
Denseâ†’Lex|sft_k1|llama-3.2-3b,SBERT_NORM,0.806727,0.799213,-0.007515,-0.021749,0.006464,0.525018,1.000000,-0.039430,391,346
Denseâ†’Lex|sft_k1|llama-3.2-3b,SecFilled,0.567775,0.580563,0.012788,-0.026854,0.053069,0.598723,1.000000,0.062308,391,88
Denseâ†’Lex|sft_k1|llama-3.2-3b,SecPresence,0.575448,0.589514,0.014066,-0.026854,0.054987,0.560728,1.000000,0.072281,391,75
Denseâ†’Lex|sft_k1|llama-3.2-3b,CondFilledRate,0.566496,0.561083,-0.005413,-0.029327,0.018884,0.822658,1.000000,-0.027068,391,88
Denseâ†’Lex|sft_k1|llama-3.2-3b,UAHE_per_1kTok,4.314212,4.955225,0.641013,-0.116287,1.445904,0.105099,1.000000,0.111930,391,279
Denseâ†’Lex|sft_k1|llama-3.2-3b,UAHE_Total,1.542199,1.803069,0.260870,-0.219949,0.841496,0.416439,1.000000,0.061396,391,225
Denseâ†’Lex|sft_k1|llama-3.2-3b,ContextSupportRate,0.728298,0.695359,-0.032939,-0.067025,-0.000137,0.053012,1.000000,-0.140567,391,252
Denseâ†’Lex|sft_k1|llama-3.2-3b,ContextUnattributedRate,0.269144,0.304641,0.035497,0.002515,0.068108,0.035902,1.000000,0.152425,391,252
Simâ†’Rand|sft_dense_k1|llama-3.2-3b,ROUGE1_R,0.600575,0.546820,-0.053755,-0.074081,-0.034048,0.000001,0.000187,-0.295163,391,386
Simâ†’Rand|sft_dense_k1|llama-3.2-3b,ROUGE1_F1,0.548735,0.490337,-0.058397,-0.082392,-0.034829,0.000003,0.000915,-0.274492,391,391
Simâ†’Rand|sft_dense_k1|llama-3.2-3b,SBERT,0.815014,0.779631,-0.035383,-0.055697,-0.015766,0.244046,1.000000,-0.067984,391,391
Simâ†’Rand|sft_dense_k1|llama-3.2-3b,CTQRS,0.763427,0.742327,-0.021100,-0.038043,-0.004156,0.035824,1.000000,-0.137726,391,304
Simâ†’Rand|sft_dense_k1|llama-3.2-3b,ROUGE1_R_NORM,0.615422,0.560280,-0.055141,-0.074745,-0.035221,0.000000,0.000098,-0.303062,391,385
Simâ†’Rand|sft_dense_k1|llama-3.2-3b,ROUGE1_F1_NORM,0.561386,0.500839,-0.060547,-0.084444,-0.036570,0.000002,0.000842,-0.275588,391,391
Simâ†’Rand|sft_dense_k1|llama-3.2-3b,SBERT_NORM,0.806727,0.771419,-0.035308,-0.054877,-0.016134,0.171746,1.000000,-0.079754,391,391
Simâ†’Rand|sft_dense_k1|llama-3.2-3b,SecFilled,0.567775,0.577366,0.009591,-0.046036,0.066496,0.516053,1.000000,0.057815,391,156
Simâ†’Rand|sft_dense_k1|llama-3.2-3b,SecPresence,0.575448,0.588875,0.013427,-0.044118,0.069693,0.359613,1.000000,0.081716,391,148
Simâ†’Rand|sft_dense_k1|llama-3.2-3b,CondFilledRate,0.566496,0.562617,-0.003879,-0.041816,0.033505,0.872267,1.000000,-0.014723,391,155
Simâ†’Rand|sft_dense_k1|llama-3.2-3b,UAHE_per_1kTok,4.314212,7.926848,3.612636,2.665725,4.586093,0.000000,0.000000,0.482139,391,356
Simâ†’Rand|sft_dense_k1|llama-3.2-3b,UAHE_Total,1.542199,3.488491,1.946292,1.245524,2.749425,0.000000,0.000000,0.590615,391,308
Simâ†’Rand|sft_dense_k1|llama-3.2-3b,ContextSupportRate,0.728298,0.520581,-0.207717,-0.247133,-0.169124,0.000000,0.000000,-0.602292,391,335
Simâ†’Rand|sft_dense_k1|llama-3.2-3b,ContextUnattributedRate,0.269144,0.476861,0.207717,0.169445,0.245068,0.000000,0.000000,0.603962,391,335
TplOnâ†’Off|sft_dense_k1|llama-3.2-3b,ROUGE1_R,0.600575,0.608615,0.008040,-0.001619,0.018238,0.332920,1.000000,0.067979,391,270
TplOnâ†’Off|sft_dense_k1|llama-3.2-3b,ROUGE1_F1,0.548735,0.547011,-0.001724,-0.015542,0.012079,0.214152,1.000000,-0.082746,391,300
TplOnâ†’Off|sft_dense_k1|llama-3.2-3b,SBERT,0.815014,0.813847,-0.001167,-0.008669,0.006453,0.077945,1.000000,-0.116263,391,306
TplOnâ†’Off|sft_dense_k1|llama-3.2-3b,CTQRS,0.763427,0.764066,0.000639,-0.007832,0.009431,0.798344,1.000000,-0.024373,391,141
TplOnâ†’Off|sft_dense_k1|llama-3.2-3b,ROUGE1_R_NORM,0.615422,0.622656,0.007234,-0.002354,0.017102,0.377859,1.000000,0.062143,391,268
TplOnâ†’Off|sft_dense_k1|llama-3.2-3b,ROUGE1_F1_NORM,0.561386,0.558584,-0.002802,-0.016174,0.011134,0.175507,1.000000,-0.090390,391,299
TplOnâ†’Off|sft_dense_k1|llama-3.2-3b,SBERT_NORM,0.806727,0.807341,0.000613,-0.006785,0.008392,0.149610,1.000000,-0.097119,391,293
TplOnâ†’Off|sft_dense_k1|llama-3.2-3b,SecFilled,0.567775,0.567136,-0.000639,-0.014706,0.013427,0.898575,1.000000,-0.040936,391,18
TplOnâ†’Off|sft_dense_k1|llama-3.2-3b,SecPresence,0.575448,0.574808,-0.000639,-0.014706,0.013427,0.903198,1.000000,-0.047619,391,14
TplOnâ†’Off|sft_dense_k1|llama-3.2-3b,CondFilledRate,0.566496,0.561296,-0.005200,-0.015004,0.003538,0.228752,1.000000,-0.333333,391,18
TplOnâ†’Off|sft_dense_k1|llama-3.2-3b,UAHE_per_1kTok,4.314212,4.170513,-0.143699,-0.601672,0.301344,0.087249,1.000000,-0.139453,391,200
TplOnâ†’Off|sft_dense_k1|llama-3.2-3b,UAHE_Total,1.542199,1.480818,-0.061381,-0.419437,0.286445,0.425881,1.000000,-0.092945,391,94
TplOnâ†’Off|sft_dense_k1|llama-3.2-3b,ContextSupportRate,0.728298,0.747694,0.019396,0.004249,0.035008,0.017227,1.000000,0.264016,391,108
TplOnâ†’Off|sft_dense_k1|llama-3.2-3b,ContextUnattributedRate,0.269144,0.252306,-0.016839,-0.033517,-0.000546,0.030572,1.000000,-0.239721,391,108
NoMaskâ†’HardMask|sft_dense_k1|llama-3.2-3b,ROUGE1_R,0.600575,0.590217,-0.010359,-0.023150,0.001955,0.067154,1.000000,-0.115578,391,334
NoMaskâ†’HardMask|sft_dense_k1|llama-3.2-3b,ROUGE1_F1,0.548735,0.543513,-0.005222,-0.020950,0.010013,0.114912,1.000000,-0.095348,391,364
NoMaskâ†’HardMask|sft_dense_k1|llama-3.2-3b,SBERT,0.815014,0.812022,-0.002993,-0.013609,0.007231,0.676555,1.000000,-0.024534,391,385
NoMaskâ†’HardMask|sft_dense_k1|llama-3.2-3b,CTQRS,0.763427,0.763587,0.000160,-0.011829,0.011509,0.543925,1.000000,0.051810,391,176
NoMaskâ†’HardMask|sft_dense_k1|llama-3.2-3b,ROUGE1_R_NORM,0.615422,0.607906,-0.007516,-0.020575,0.004878,0.250241,1.000000,-0.074275,391,319
NoMaskâ†’HardMask|sft_dense_k1|llama-3.2-3b,ROUGE1_F1_NORM,0.561386,0.554867,-0.006519,-0.022344,0.009635,0.030615,1.000000,-0.131853,391,358
NoMaskâ†’HardMask|sft_dense_k1|llama-3.2-3b,SBERT_NORM,0.806727,0.802558,-0.004170,-0.013809,0.005413,0.266519,1.000000,-0.067018,391,366
NoMaskâ†’HardMask|sft_dense_k1|llama-3.2-3b,SecFilled,0.567775,0.551790,-0.015985,-0.036445,0.003197,0.108042,1.000000,-0.300945,391,38
NoMaskâ†’HardMask|sft_dense_k1|llama-3.2-3b,SecPresence,0.575448,0.563299,-0.012148,-0.032609,0.007033,0.190127,1.000000,-0.280460,391,29
NoMaskâ†’HardMask|sft_dense_k1|llama-3.2-3b,CondFilledRate,0.566496,0.552813,-0.013683,-0.028176,0.000085,0.064041,1.000000,-0.276836,391,59
NoMaskâ†’HardMask|sft_dense_k1|llama-3.2-3b,UAHE_per_1kTok,4.314212,8.557886,4.243674,3.490732,5.001601,0.000000,0.000000,0.700062,391,359
NoMaskâ†’HardMask|sft_dense_k1|llama-3.2-3b,UAHE_Total,1.542199,2.667519,1.125320,0.762148,1.478261,0.000000,0.000000,0.730595,391,297
NoMaskâ†’HardMask|sft_dense_k1|llama-3.2-3b,ContextSupportRate,0.728298,0.236320,-0.491978,-0.528168,-0.455063,0.000000,0.000000,-0.970966,391,341
NoMaskâ†’HardMask|sft_dense_k1|llama-3.2-3b,ContextUnattributedRate,0.269144,0.745777,0.476633,0.439211,0.513865,0.000000,0.000000,0.965116,391,336
DPO_freeâ†’aware|bal_k0|llama-3.2-3b,ROUGE1_R,0.475946,0.434828,-0.041118,-0.049045,-0.033281,0.000000,0.000000,-0.583470,391,377
DPO_freeâ†’aware|bal_k0|llama-3.2-3b,ROUGE1_F1,0.562954,0.519017,-0.043936,-0.055079,-0.033162,0.000000,0.000000,-0.499928,391,390
DPO_freeâ†’aware|bal_k0|llama-3.2-3b,SBERT,0.862029,0.845799,-0.016231,-0.022853,-0.009993,0.000000,0.000008,-0.327183,391,391
DPO_freeâ†’aware|bal_k0|llama-3.2-3b,CTQRS,0.646579,0.643702,-0.002877,-0.016784,0.010710,0.909959,1.000000,-0.007631,391,285
DPO_freeâ†’aware|bal_k0|llama-3.2-3b,ROUGE1_R_NORM,0.484243,0.442559,-0.041684,-0.049842,-0.033840,0.000000,0.000000,-0.577420,391,379
DPO_freeâ†’aware|bal_k0|llama-3.2-3b,ROUGE1_F1_NORM,0.566762,0.522724,-0.044038,-0.055205,-0.032685,0.000000,0.000000,-0.492510,391,391
DPO_freeâ†’aware|bal_k0|llama-3.2-3b,SBERT_NORM,0.846608,0.833097,-0.013512,-0.019820,-0.007184,0.000002,0.000753,-0.276972,391,391
DPO_freeâ†’aware|bal_k0|llama-3.2-3b,SecFilled,0.945013,0.874680,-0.070332,-0.086957,-0.053069,0.000000,0.000000,-0.744474,391,116
DPO_freeâ†’aware|bal_k0|llama-3.2-3b,SecPresence,0.998721,0.994885,-0.003836,-0.009591,0.001279,0.218750,1.000000,-0.619048,391,6
DPO_freeâ†’aware|bal_k0|llama-3.2-3b,CondFilledRate,0.779241,0.733589,-0.045652,-0.059292,-0.032268,0.000000,0.000001,-0.754922,391,82
DPO_freeâ†’aware|bal_k0|llama-3.2-3b,UAHE_per_1kTok,1.536371,1.413919,-0.122451,-0.441395,0.198351,0.459175,1.000000,-0.084838,391,101
DPO_freeâ†’aware|bal_k0|llama-3.2-3b,UAHE_Total,0.324808,0.245524,-0.079284,-0.140665,-0.020460,0.009902,1.000000,-0.358423,391,62
DPO_freeâ†’aware|bal_k0|llama-3.2-3b,ContextSupportRate,0.407021,0.392751,-0.014270,-0.045717,0.017790,0.378646,1.000000,-0.111713,391,81
DPO_freeâ†’aware|bal_k0|llama-3.2-3b,ContextUnattributedRate,0.127506,0.095740,-0.031765,-0.054604,-0.011116,0.003630,1.000000,-0.423451,391,62
DPO_freeâ†’aware|bal_dense_k1|llama-3.2-3b,ROUGE1_R,0.497921,0.414401,-0.083520,-0.097751,-0.069367,0.000000,0.000000,-0.694043,391,375
DPO_freeâ†’aware|bal_dense_k1|llama-3.2-3b,ROUGE1_F1,0.551773,0.417035,-0.134737,-0.150810,-0.119090,0.000000,0.000000,-0.826434,391,384
DPO_freeâ†’aware|bal_dense_k1|llama-3.2-3b,SBERT,0.824541,0.663198,-0.161343,-0.177237,-0.144745,0.000000,0.000000,-0.889411,391,386
DPO_freeâ†’aware|bal_dense_k1|llama-3.2-3b,CTQRS,0.671995,0.695332,0.023338,0.008792,0.038043,0.001310,0.400829,0.220417,391,278
DPO_freeâ†’aware|bal_dense_k1|llama-3.2-3b,ROUGE1_R_NORM,0.505235,0.427266,-0.077969,-0.092003,-0.063454,0.000000,0.000000,-0.666432,391,376
DPO_freeâ†’aware|bal_dense_k1|llama-3.2-3b,ROUGE1_F1_NORM,0.556464,0.429107,-0.127357,-0.143027,-0.111387,0.000000,0.000000,-0.811932,391,384
DPO_freeâ†’aware|bal_dense_k1|llama-3.2-3b,SBERT_NORM,0.810903,0.660101,-0.150802,-0.166969,-0.134490,0.000000,0.000000,-0.876397,391,386
DPO_freeâ†’aware|bal_dense_k1|llama-3.2-3b,SecFilled,0.938619,0.794118,-0.144501,-0.177110,-0.113171,0.000000,0.000000,-0.818652,391,127
DPO_freeâ†’aware|bal_dense_k1|llama-3.2-3b,SecPresence,0.978261,0.862532,-0.115729,-0.147698,-0.085038,0.000000,0.000000,-0.923195,391,62
DPO_freeâ†’aware|bal_dense_k1|llama-3.2-3b,CondFilledRate,0.774638,0.676684,-0.097954,-0.125450,-0.071441,0.000000,0.000000,-0.719188,391,119
DPO_freeâ†’aware|bal_dense_k1|llama-3.2-3b,UAHE_per_1kTok,1.582464,0.168654,-1.413810,-1.769340,-1.083748,0.000000,0.000000,-0.899798,391,99
DPO_freeâ†’aware|bal_dense_k1|llama-3.2-3b,UAHE_Total,0.358056,0.043478,-0.314578,-0.393862,-0.240409,0.000000,0.000000,-0.880702,391,95
DPO_freeâ†’aware|bal_dense_k1|llama-3.2-3b,ContextSupportRate,0.531319,0.793813,0.262494,0.215164,0.310844,0.000000,0.000000,0.748433,391,186
DPO_freeâ†’aware|bal_dense_k1|llama-3.2-3b,ContextUnattributedRate,0.115740,0.011814,-0.103926,-0.129375,-0.080001,0.000000,0.000000,-0.912266,391,97
Baseâ†’SFT|k0|mistral-7b-v0.3,ROUGE1_R,0.575596,0.592986,0.017390,0.004194,0.030247,0.000044,0.014565,0.242839,391,377
Baseâ†’SFT|k0|mistral-7b-v0.3,ROUGE1_F1,0.552316,0.596013,0.043696,0.026856,0.060249,0.000000,0.000000,0.426640,391,391
Baseâ†’SFT|k0|mistral-7b-v0.3,SBERT,0.874213,0.874252,0.000038,-0.007804,0.007466,0.008242,1.000000,0.154183,391,391
Baseâ†’SFT|k0|mistral-7b-v0.3,CTQRS,0.763107,0.748242,-0.014866,-0.028613,-0.001594,0.075056,1.000000,-0.114914,391,312
Baseâ†’SFT|k0|mistral-7b-v0.3,ROUGE1_R_NORM,0.581119,0.605246,0.024127,0.011090,0.036894,0.000000,0.000178,0.296523,391,384
Baseâ†’SFT|k0|mistral-7b-v0.3,ROUGE1_F1_NORM,0.551327,0.608936,0.057609,0.040879,0.074025,0.000000,0.000000,0.475338,391,391
Baseâ†’SFT|k0|mistral-7b-v0.3,SBERT_NORM,0.857379,0.861778,0.004398,-0.004636,0.013073,0.007931,1.000000,0.154940,391,391
Baseâ†’SFT|k0|mistral-7b-v0.3,SecFilled,0.974425,0.604220,-0.370205,-0.415601,-0.325448,0.000000,0.000000,-0.994089,391,174
Baseâ†’SFT|k0|mistral-7b-v0.3,SecPresence,0.997442,0.611893,-0.385550,-0.432864,-0.338235,0.000000,0.000000,-1.000000,391,159
Baseâ†’SFT|k0|mistral-7b-v0.3,CondFilledRate,0.790324,0.603112,-0.187212,-0.218118,-0.157715,0.000000,0.000000,-0.915456,391,179
Baseâ†’SFT|k0|mistral-7b-v0.3,UAHE_per_1kTok,0.945459,10.606161,9.660702,9.112967,10.211676,0.000000,0.000000,0.997152,391,389
Baseâ†’SFT|k0|mistral-7b-v0.3,UAHE_Total,0.314578,3.856777,3.542199,3.196931,3.943734,0.000000,0.000000,1.000000,391,385
Baseâ†’SFT|k0|mistral-7b-v0.3,ContextSupportRate,0.540717,0.225275,-0.315442,-0.347815,-0.282906,0.000000,0.000000,-0.991847,391,236
Baseâ†’SFT|k0|mistral-7b-v0.3,ContextUnattributedRate,0.106342,0.774725,0.668383,0.634885,0.701104,0.000000,0.000000,0.999884,391,371
Baseâ†’SFT|dense_k1|mistral-7b-v0.3,ROUGE1_R,0.620845,0.621466,0.000621,-0.013078,0.013668,0.237309,1.000000,0.069680,391,383
Baseâ†’SFT|dense_k1|mistral-7b-v0.3,ROUGE1_F1,0.572051,0.589968,0.017917,0.000972,0.034522,0.000067,0.022040,0.232999,391,390
Baseâ†’SFT|dense_k1|mistral-7b-v0.3,SBERT,0.872807,0.841896,-0.030911,-0.042704,-0.019535,0.000000,0.000058,-0.306410,391,391
Baseâ†’SFT|dense_k1|mistral-7b-v0.3,CTQRS,0.795876,0.761829,-0.034047,-0.049233,-0.019341,0.000014,0.004786,-0.281610,391,310
Baseâ†’SFT|dense_k1|mistral-7b-v0.3,ROUGE1_R_NORM,0.631115,0.633939,0.002824,-0.010573,0.016236,0.097216,1.000000,0.098177,391,380
Baseâ†’SFT|dense_k1|mistral-7b-v0.3,ROUGE1_F1_NORM,0.578819,0.603155,0.024335,0.007534,0.041062,0.000002,0.000553,0.281054,391,390
Baseâ†’SFT|dense_k1|mistral-7b-v0.3,SBERT_NORM,0.861971,0.832687,-0.029285,-0.041017,-0.017714,0.000002,0.000676,-0.278277,391,391
Baseâ†’SFT|dense_k1|mistral-7b-v0.3,SecFilled,0.623402,0.624041,0.000639,-0.034527,0.034527,0.933767,1.000000,0.010327,391,83
Baseâ†’SFT|dense_k1|mistral-7b-v0.3,SecPresence,0.638747,0.634910,-0.003836,-0.039642,0.031969,0.922004,1.000000,0.013462,391,64
Baseâ†’SFT|dense_k1|mistral-7b-v0.3,CondFilledRate,0.592199,0.606820,0.014621,-0.011211,0.041135,0.427240,1.000000,0.101174,391,81
Baseâ†’SFT|dense_k1|mistral-7b-v0.3,UAHE_per_1kTok,4.585983,5.069437,0.483455,-0.129165,1.097350,0.500084,1.000000,0.040025,391,378
Baseâ†’SFT|dense_k1|mistral-7b-v0.3,UAHE_Total,1.721228,1.976982,0.255754,-0.028133,0.562724,0.218290,1.000000,0.080532,391,303
Baseâ†’SFT|dense_k1|mistral-7b-v0.3,ContextSupportRate,0.490716,0.632327,0.141610,0.098542,0.184188,0.000000,0.000001,0.374922,391,334
Baseâ†’SFT|dense_k1|mistral-7b-v0.3,ContextUnattributedRate,0.442787,0.367673,-0.075114,-0.121224,-0.026679,0.001701,0.511882,-0.196001,391,341
SFTâ†’DPO_free_bal|k0|mistral-7b-v0.3,ROUGE1_R,0.592986,0.535982,-0.057003,-0.072616,-0.041912,0.000000,0.000000,-0.444003,391,386
SFTâ†’DPO_free_bal|k0|mistral-7b-v0.3,ROUGE1_F1,0.596013,0.569708,-0.026305,-0.044104,-0.008026,0.000000,0.000047,-0.308837,391,391
SFTâ†’DPO_free_bal|k0|mistral-7b-v0.3,SBERT,0.874252,0.855237,-0.019015,-0.031310,-0.007409,0.000010,0.003425,-0.258051,391,391
SFTâ†’DPO_free_bal|k0|mistral-7b-v0.3,CTQRS,0.748242,0.725384,-0.022858,-0.039322,-0.006394,0.002593,0.764818,-0.192231,391,320
SFTâ†’DPO_free_bal|k0|mistral-7b-v0.3,ROUGE1_R_NORM,0.605246,0.542758,-0.062488,-0.077791,-0.047506,0.000000,0.000000,-0.473455,391,383
SFTâ†’DPO_free_bal|k0|mistral-7b-v0.3,ROUGE1_F1_NORM,0.608936,0.570477,-0.038460,-0.056341,-0.020523,0.000000,0.000000,-0.374237,391,391
SFTâ†’DPO_free_bal|k0|mistral-7b-v0.3,SBERT_NORM,0.861778,0.837608,-0.024170,-0.036961,-0.011871,0.000002,0.000576,-0.280182,391,391
SFTâ†’DPO_free_bal|k0|mistral-7b-v0.3,SecFilled,0.604220,0.956522,0.352302,0.305627,0.400895,0.000000,0.000000,0.951901,391,182
SFTâ†’DPO_free_bal|k0|mistral-7b-v0.3,SecPresence,0.611893,0.975703,0.363811,0.315857,0.411765,0.000000,0.000000,0.974993,391,168
SFTâ†’DPO_free_bal|k0|mistral-7b-v0.3,CondFilledRate,0.603112,0.783376,0.180264,0.150256,0.210997,0.000000,0.000000,0.872095,391,182
SFTâ†’DPO_free_bal|k0|mistral-7b-v0.3,UAHE_per_1kTok,10.606161,0.696848,-9.909313,-10.474390,-9.368924,0.000000,0.000000,-0.998972,391,389
SFTâ†’DPO_free_bal|k0|mistral-7b-v0.3,UAHE_Total,3.856777,0.191816,-3.664962,-4.061381,-3.324808,0.000000,0.000000,-1.000000,391,386
SFTâ†’DPO_free_bal|k0|mistral-7b-v0.3,ContextSupportRate,0.225275,0.501340,0.276065,0.241393,0.310685,0.000000,0.000000,0.888705,391,233
SFTâ†’DPO_free_bal|k0|mistral-7b-v0.3,ContextUnattributedRate,0.774725,0.076665,-0.698060,-0.729107,-0.666226,0.000000,0.000000,-0.994198,391,380
SFTâ†’DPO_free_bal|dense_k1|mistral-7b-v0.3,ROUGE1_R,0.621466,0.567342,-0.054124,-0.068455,-0.039935,0.000000,0.000000,-0.485085,391,379
SFTâ†’DPO_free_bal|dense_k1|mistral-7b-v0.3,ROUGE1_F1,0.589968,0.573081,-0.016887,-0.035729,0.002189,0.014857,1.000000,-0.142153,391,391
SFTâ†’DPO_free_bal|dense_k1|mistral-7b-v0.3,SBERT,0.841896,0.850379,0.008483,-0.006163,0.022635,0.030313,1.000000,0.126403,391,391
SFTâ†’DPO_free_bal|dense_k1|mistral-7b-v0.3,CTQRS,0.761829,0.713075,-0.048753,-0.065058,-0.033248,0.000000,0.000001,-0.386815,391,316
SFTâ†’DPO_free_bal|dense_k1|mistral-7b-v0.3,ROUGE1_R_NORM,0.633939,0.575517,-0.058422,-0.073274,-0.043545,0.000000,0.000000,-0.518572,391,381
SFTâ†’DPO_free_bal|dense_k1|mistral-7b-v0.3,ROUGE1_F1_NORM,0.603155,0.576337,-0.026818,-0.046099,-0.008003,0.000085,0.027760,-0.229694,391,390
SFTâ†’DPO_free_bal|dense_k1|mistral-7b-v0.3,SBERT_NORM,0.832687,0.837867,0.005180,-0.009655,0.019555,0.106449,1.000000,0.094212,391,391
SFTâ†’DPO_free_bal|dense_k1|mistral-7b-v0.3,SecFilled,0.624041,0.929028,0.304987,0.257033,0.351662,0.000000,0.000000,0.910118,391,176
SFTâ†’DPO_free_bal|dense_k1|mistral-7b-v0.3,SecPresence,0.634910,0.960997,0.326087,0.278133,0.374041,0.000000,0.000000,0.952965,391,162
SFTâ†’DPO_free_bal|dense_k1|mistral-7b-v0.3,CondFilledRate,0.606820,0.767093,0.160273,0.129836,0.191136,0.000000,0.000000,0.826627,391,178
SFTâ†’DPO_free_bal|dense_k1|mistral-7b-v0.3,UAHE_per_1kTok,5.069437,0.704660,-4.364777,-4.842447,-3.875751,0.000000,0.000000,-0.958366,391,292
SFTâ†’DPO_free_bal|dense_k1|mistral-7b-v0.3,UAHE_Total,1.976982,0.232737,-1.744246,-1.997442,-1.514066,0.000000,0.000000,-0.980936,391,273
SFTâ†’DPO_free_bal|dense_k1|mistral-7b-v0.3,ContextSupportRate,0.632327,0.591035,-0.041291,-0.089668,0.006482,0.437299,1.000000,-0.051437,391,303
SFTâ†’DPO_free_bal|dense_k1|mistral-7b-v0.3,ContextUnattributedRate,0.367673,0.071369,-0.296305,-0.329485,-0.262838,0.000000,0.000000,-0.909612,391,284
SFTâ†’DPO_aware_bal|k0|mistral-7b-v0.3,ROUGE1_R,0.592986,0.559606,-0.033380,-0.047868,-0.018654,0.000005,0.001922,-0.268733,391,381
SFTâ†’DPO_aware_bal|k0|mistral-7b-v0.3,ROUGE1_F1,0.596013,0.534876,-0.061137,-0.078895,-0.043120,0.000000,0.000000,-0.451120,391,391
SFTâ†’DPO_aware_bal|k0|mistral-7b-v0.3,SBERT,0.874252,0.845891,-0.028361,-0.037195,-0.019697,0.000000,0.000000,-0.469753,391,391
SFTâ†’DPO_aware_bal|k0|mistral-7b-v0.3,CTQRS,0.748242,0.698689,-0.049552,-0.065058,-0.033728,0.000000,0.000000,-0.395130,391,344
SFTâ†’DPO_aware_bal|k0|mistral-7b-v0.3,ROUGE1_R_NORM,0.605246,0.566740,-0.038506,-0.053479,-0.023354,0.000001,0.000203,-0.295723,391,382
SFTâ†’DPO_aware_bal|k0|mistral-7b-v0.3,ROUGE1_F1_NORM,0.608936,0.533436,-0.075500,-0.093649,-0.057179,0.000000,0.000000,-0.499400,391,391
SFTâ†’DPO_aware_bal|k0|mistral-7b-v0.3,SBERT_NORM,0.861778,0.827705,-0.034073,-0.043894,-0.024337,0.000000,0.000000,-0.439950,391,391
SFTâ†’DPO_aware_bal|k0|mistral-7b-v0.3,SecFilled,0.604220,0.557545,-0.046675,-0.118286,0.026215,0.100283,1.000000,-0.113135,391,243
SFTâ†’DPO_aware_bal|k0|mistral-7b-v0.3,SecPresence,0.611893,0.563299,-0.048593,-0.121483,0.023018,0.145543,1.000000,-0.100216,391,235
SFTâ†’DPO_aware_bal|k0|mistral-7b-v0.3,CondFilledRate,0.603112,0.522634,-0.080477,-0.129754,-0.031755,0.002109,0.628337,-0.223583,391,242
SFTâ†’DPO_aware_bal|k0|mistral-7b-v0.3,UAHE_per_1kTok,10.606161,0.647998,-9.958164,-10.513598,-9.425427,0.000000,0.000000,-0.999974,391,389
SFTâ†’DPO_aware_bal|k0|mistral-7b-v0.3,UAHE_Total,3.856777,0.184143,-3.672634,-4.074169,-3.335038,0.000000,0.000000,-1.000000,391,386
SFTâ†’DPO_aware_bal|k0|mistral-7b-v0.3,ContextSupportRate,0.225275,0.557447,0.332172,0.299200,0.365039,0.000000,0.000000,0.990242,391,233
SFTâ†’DPO_aware_bal|k0|mistral-7b-v0.3,ContextUnattributedRate,0.774725,0.076824,-0.697901,-0.727918,-0.666784,0.000000,0.000000,-0.999971,391,374
SFTâ†’DPO_aware_bal|dense_k1|mistral-7b-v0.3,ROUGE1_R,0.621466,0.576304,-0.045162,-0.057561,-0.032538,0.000000,0.000000,-0.467965,391,366
SFTâ†’DPO_aware_bal|dense_k1|mistral-7b-v0.3,ROUGE1_F1,0.589968,0.520173,-0.069795,-0.086230,-0.053816,0.000000,0.000000,-0.551453,391,387
SFTâ†’DPO_aware_bal|dense_k1|mistral-7b-v0.3,SBERT,0.841896,0.763974,-0.077922,-0.091423,-0.064197,0.000000,0.000000,-0.688500,391,385
SFTâ†’DPO_aware_bal|dense_k1|mistral-7b-v0.3,CTQRS,0.761829,0.776535,0.014706,0.001279,0.028133,0.054879,1.000000,0.130512,391,281
SFTâ†’DPO_aware_bal|dense_k1|mistral-7b-v0.3,ROUGE1_R_NORM,0.633939,0.591433,-0.042506,-0.055171,-0.029682,0.000000,0.000000,-0.439116,391,372
SFTâ†’DPO_aware_bal|dense_k1|mistral-7b-v0.3,ROUGE1_F1_NORM,0.603155,0.532210,-0.070945,-0.087229,-0.054175,0.000000,0.000000,-0.552762,391,385
SFTâ†’DPO_aware_bal|dense_k1|mistral-7b-v0.3,SBERT_NORM,0.832687,0.759580,-0.073107,-0.086890,-0.058690,0.000000,0.000000,-0.669048,391,384
SFTâ†’DPO_aware_bal|dense_k1|mistral-7b-v0.3,SecFilled,0.624041,0.633632,0.009591,-0.028133,0.047315,0.518821,1.000000,0.074269,391,97
SFTâ†’DPO_aware_bal|dense_k1|mistral-7b-v0.3,SecPresence,0.634910,0.643223,0.008312,-0.031330,0.047315,0.499802,1.000000,0.081243,391,87
SFTâ†’DPO_aware_bal|dense_k1|mistral-7b-v0.3,CondFilledRate,0.606820,0.598551,-0.008269,-0.035934,0.019566,0.702455,1.000000,-0.044956,391,95
SFTâ†’DPO_aware_bal|dense_k1|mistral-7b-v0.3,UAHE_per_1kTok,5.069437,0.467176,-4.602262,-5.091759,-4.129247,0.000000,0.000000,-0.988861,391,290
SFTâ†’DPO_aware_bal|dense_k1|mistral-7b-v0.3,UAHE_Total,1.976982,0.171355,-1.805627,-2.061381,-1.580563,0.000000,0.000000,-0.994058,391,271
SFTâ†’DPO_aware_bal|dense_k1|mistral-7b-v0.3,ContextSupportRate,0.632327,0.949418,0.317092,0.285993,0.349616,0.000000,0.000000,0.972554,391,272
SFTâ†’DPO_aware_bal|dense_k1|mistral-7b-v0.3,ContextUnattributedRate,0.367673,0.027564,-0.340110,-0.372221,-0.308804,0.000000,0.000000,-0.994820,391,276
NoRAGâ†’RAG|sft|mistral-7b-v0.3,ROUGE1_R,0.592986,0.621466,0.028480,0.013311,0.043444,0.000038,0.012603,0.245889,391,374
NoRAGâ†’RAG|sft|mistral-7b-v0.3,ROUGE1_F1,0.596013,0.589968,-0.006044,-0.025255,0.012964,0.381004,1.000000,-0.051190,391,390
NoRAGâ†’RAG|sft|mistral-7b-v0.3,SBERT,0.874252,0.841896,-0.032356,-0.044092,-0.020956,0.000000,0.000004,-0.334099,391,391
NoRAGâ†’RAG|sft|mistral-7b-v0.3,CTQRS,0.748242,0.761829,0.013587,-0.000639,0.028133,0.048475,1.000000,0.132791,391,287
NoRAGâ†’RAG|sft|mistral-7b-v0.3,ROUGE1_R_NORM,0.605246,0.633939,0.028694,0.013632,0.043662,0.000030,0.009994,0.248809,391,375
NoRAGâ†’RAG|sft|mistral-7b-v0.3,ROUGE1_F1_NORM,0.608936,0.603155,-0.005782,-0.025520,0.013552,0.506874,1.000000,-0.038783,391,390
NoRAGâ†’RAG|sft|mistral-7b-v0.3,SBERT_NORM,0.861778,0.832687,-0.029091,-0.041611,-0.017148,0.000002,0.000873,-0.275093,391,391
NoRAGâ†’RAG|sft|mistral-7b-v0.3,SecFilled,0.604220,0.624041,0.019821,-0.013427,0.053069,0.212546,1.000000,0.167840,391,71
NoRAGâ†’RAG|sft|mistral-7b-v0.3,SecPresence,0.611893,0.634910,0.023018,-0.008967,0.054987,0.163968,1.000000,0.206897,391,57
NoRAGâ†’RAG|sft|mistral-7b-v0.3,CondFilledRate,0.603112,0.606820,0.003708,-0.016837,0.024552,0.749812,1.000000,0.043892,391,69
NoRAGâ†’RAG|sft|mistral-7b-v0.3,UAHE_per_1kTok,10.606161,5.069437,-5.536724,-6.178989,-4.903582,0.000000,0.000000,-0.834769,391,381
NoRAGâ†’RAG|sft|mistral-7b-v0.3,UAHE_Total,3.856777,1.976982,-1.879795,-2.322251,-1.470588,0.000000,0.000000,-0.843880,391,299
NoRAGâ†’RAG|sft|mistral-7b-v0.3,ContextSupportRate,0.225275,0.632327,0.407052,0.371272,0.443810,0.000000,0.000000,0.965204,391,324
NoRAGâ†’RAG|sft|mistral-7b-v0.3,ContextUnattributedRate,0.774725,0.367673,-0.407052,-0.443304,-0.370786,0.000000,0.000000,-0.965166,391,324
NoRAGâ†’RAG|dpo_retr_bal|mistral-7b-v0.3,ROUGE1_R,0.535982,0.567342,0.031360,0.017191,0.045427,0.000000,0.000038,0.318576,391,373
NoRAGâ†’RAG|dpo_retr_bal|mistral-7b-v0.3,ROUGE1_F1,0.569708,0.573081,0.003373,-0.012380,0.019371,0.100202,1.000000,0.095934,391,391
NoRAGâ†’RAG|dpo_retr_bal|mistral-7b-v0.3,SBERT,0.855237,0.850379,-0.004857,-0.017676,0.007666,0.765492,1.000000,-0.017407,391,391
NoRAGâ†’RAG|dpo_retr_bal|mistral-7b-v0.3,CTQRS,0.725384,0.713075,-0.012308,-0.026375,0.001918,0.038046,1.000000,-0.145477,391,261
NoRAGâ†’RAG|dpo_retr_bal|mistral-7b-v0.3,ROUGE1_R_NORM,0.542758,0.575517,0.032759,0.018813,0.047095,0.000000,0.000025,0.322340,391,375
NoRAGâ†’RAG|dpo_retr_bal|mistral-7b-v0.3,ROUGE1_F1_NORM,0.570477,0.576337,0.005860,-0.009684,0.021386,0.038700,1.000000,0.120648,391,391
NoRAGâ†’RAG|dpo_retr_bal|mistral-7b-v0.3,SBERT_NORM,0.837608,0.837867,0.000259,-0.012380,0.013404,0.311755,1.000000,0.059032,391,391
NoRAGâ†’RAG|dpo_retr_bal|mistral-7b-v0.3,SecFilled,0.956522,0.929028,-0.027494,-0.046675,-0.008312,0.006940,1.000000,-0.352072,391,74
NoRAGâ†’RAG|dpo_retr_bal|mistral-7b-v0.3,SecPresence,0.975703,0.960997,-0.014706,-0.033248,0.003836,0.151754,1.000000,-0.257840,391,41
NoRAGâ†’RAG|dpo_retr_bal|mistral-7b-v0.3,CondFilledRate,0.783376,0.767093,-0.016283,-0.031842,-0.001278,0.035069,1.000000,-0.281441,391,74
NoRAGâ†’RAG|dpo_retr_bal|mistral-7b-v0.3,UAHE_per_1kTok,0.696848,0.704660,0.007812,-0.141245,0.155512,0.840071,1.000000,-0.024770,391,88
NoRAGâ†’RAG|dpo_retr_bal|mistral-7b-v0.3,UAHE_Total,0.191816,0.232737,0.040921,-0.005115,0.089514,0.100046,1.000000,0.273810,391,48
NoRAGâ†’RAG|dpo_retr_bal|mistral-7b-v0.3,ContextSupportRate,0.501340,0.591035,0.089696,0.047509,0.132174,0.000063,0.020854,0.411733,391,121
NoRAGâ†’RAG|dpo_retr_bal|mistral-7b-v0.3,ContextUnattributedRate,0.076665,0.071369,-0.005297,-0.024001,0.013184,0.785696,1.000000,-0.038444,391,66
NoRAGâ†’RAG|dpo_retr_bal|mistral-7b-v0.3,ROUGE1_R,0.559606,0.576304,0.016698,0.000884,0.032640,0.044247,1.000000,0.117854,391,388
NoRAGâ†’RAG|dpo_retr_bal|mistral-7b-v0.3,ROUGE1_F1,0.534876,0.520173,-0.014703,-0.032253,0.003081,0.028694,1.000000,-0.127668,391,391
NoRAGâ†’RAG|dpo_retr_bal|mistral-7b-v0.3,SBERT,0.845891,0.763974,-0.081917,-0.095387,-0.068718,0.000000,0.000000,-0.646145,391,391
NoRAGâ†’RAG|dpo_retr_bal|mistral-7b-v0.3,CTQRS,0.698689,0.776535,0.077845,0.062660,0.093191,0.000000,0.000000,0.589948,391,330
NoRAGâ†’RAG|dpo_retr_bal|mistral-7b-v0.3,ROUGE1_R_NORM,0.566740,0.591433,0.024694,0.008398,0.041405,0.002444,0.726010,0.178436,391,384
NoRAGâ†’RAG|dpo_retr_bal|mistral-7b-v0.3,ROUGE1_F1_NORM,0.533436,0.532210,-0.001226,-0.018925,0.016990,0.611760,1.000000,-0.029621,391,391
NoRAGâ†’RAG|dpo_retr_bal|mistral-7b-v0.3,SBERT_NORM,0.827705,0.759580,-0.068125,-0.081415,-0.055106,0.000000,0.000000,-0.535936,391,391
NoRAGâ†’RAG|dpo_retr_bal|mistral-7b-v0.3,SecFilled,0.557545,0.633632,0.076087,0.008935,0.142583,0.013160,1.000000,0.180578,391,226
NoRAGâ†’RAG|dpo_retr_bal|mistral-7b-v0.3,SecPresence,0.563299,0.643223,0.079923,0.012148,0.147698,0.012805,1.000000,0.182198,391,216
NoRAGâ†’RAG|dpo_retr_bal|mistral-7b-v0.3,CondFilledRate,0.522634,0.598551,0.075916,0.028602,0.123785,0.001340,0.408799,0.244819,391,222
NoRAGâ†’RAG|dpo_retr_bal|mistral-7b-v0.3,UAHE_per_1kTok,0.647998,0.467176,-0.180822,-0.319208,-0.045504,0.014348,1.000000,-0.307563,391,84
NoRAGâ†’RAG|dpo_retr_bal|mistral-7b-v0.3,UAHE_Total,0.184143,0.171355,-0.012788,-0.061381,0.030691,0.621582,1.000000,-0.069360,391,54
NoRAGâ†’RAG|dpo_retr_bal|mistral-7b-v0.3,ContextSupportRate,0.557447,0.949418,0.391971,0.344852,0.439298,0.000000,0.000000,0.954306,391,211
NoRAGâ†’RAG|dpo_retr_bal|mistral-7b-v0.3,ContextUnattributedRate,0.076824,0.027564,-0.049260,-0.069834,-0.030643,0.000001,0.000497,-0.621605,391,80
k1â†’k2|sft|mistral-7b-v0.3,ROUGE1_R,0.621466,0.615485,-0.005982,-0.017997,0.005560,0.125571,1.000000,-0.093548,391,357
k1â†’k2|sft|mistral-7b-v0.3,ROUGE1_F1,0.589968,0.581863,-0.008105,-0.023782,0.007392,0.366905,1.000000,-0.053272,391,382
k1â†’k2|sft|mistral-7b-v0.3,SBERT,0.841896,0.844197,0.002301,-0.009002,0.014159,0.882042,1.000000,-0.008693,391,388
k1â†’k2|sft|mistral-7b-v0.3,CTQRS,0.761829,0.769661,0.007832,-0.004636,0.020145,0.203073,1.000000,0.093188,391,242
k1â†’k2|sft|mistral-7b-v0.3,ROUGE1_R_NORM,0.633939,0.627593,-0.006346,-0.018272,0.005190,0.139258,1.000000,-0.089920,391,360
k1â†’k2|sft|mistral-7b-v0.3,ROUGE1_F1_NORM,0.603155,0.595218,-0.007936,-0.024326,0.008061,0.318529,1.000000,-0.058739,391,384
k1â†’k2|sft|mistral-7b-v0.3,SBERT_NORM,0.832687,0.834509,0.001823,-0.009996,0.013643,0.515317,1.000000,-0.038261,391,385
k1â†’k2|sft|mistral-7b-v0.3,SecFilled,0.624041,0.640026,0.015985,-0.014066,0.045396,0.316231,1.000000,0.145426,391,61
k1â†’k2|sft|mistral-7b-v0.3,SecPresence,0.634910,0.652174,0.017263,-0.013427,0.048593,0.226452,1.000000,0.202381,391,48
k1â†’k2|sft|mistral-7b-v0.3,CondFilledRate,0.606820,0.610102,0.003282,-0.016200,0.022336,0.825714,1.000000,0.032258,391,61
k1â†’k2|sft|mistral-7b-v0.3,UAHE_per_1kTok,5.069437,5.182942,0.113504,-0.418601,0.639294,0.659828,1.000000,0.028041,391,328
k1â†’k2|sft|mistral-7b-v0.3,UAHE_Total,1.976982,1.997442,0.020460,-0.291624,0.335038,0.441087,1.000000,0.058538,391,222
k1â†’k2|sft|mistral-7b-v0.3,ContextSupportRate,0.632327,0.610115,-0.022211,-0.055831,0.011118,0.225237,1.000000,-0.088282,391,251
k1â†’k2|sft|mistral-7b-v0.3,ContextUnattributedRate,0.367673,0.389885,0.022211,-0.011258,0.056421,0.219148,1.000000,0.089452,391,251
Denseâ†’Lex|sft_k1|mistral-7b-v0.3,ROUGE1_R,0.621466,0.625826,0.004360,-0.008218,0.016867,0.422839,1.000000,0.051377,391,324
Denseâ†’Lex|sft_k1|mistral-7b-v0.3,ROUGE1_F1,0.589968,0.592846,0.002878,-0.013498,0.019450,0.763772,1.000000,0.018779,391,341
Denseâ†’Lex|sft_k1|mistral-7b-v0.3,SBERT,0.841896,0.840098,-0.001798,-0.013944,0.011039,0.946659,1.000000,-0.004092,391,356
Denseâ†’Lex|sft_k1|mistral-7b-v0.3,CTQRS,0.761829,0.763267,0.001439,-0.011829,0.014386,0.969670,1.000000,0.002873,391,228
Denseâ†’Lex|sft_k1|mistral-7b-v0.3,ROUGE1_R_NORM,0.633939,0.638671,0.004732,-0.007610,0.017225,0.413228,1.000000,0.052288,391,326
Denseâ†’Lex|sft_k1|mistral-7b-v0.3,ROUGE1_F1_NORM,0.603155,0.604496,0.001341,-0.015617,0.017867,0.963167,1.000000,0.002881,391,342
Denseâ†’Lex|sft_k1|mistral-7b-v0.3,SBERT_NORM,0.832687,0.833195,0.000509,-0.011872,0.012680,0.783862,1.000000,0.017039,391,345
Denseâ†’Lex|sft_k1|mistral-7b-v0.3,SecFilled,0.624041,0.616368,-0.007673,-0.041560,0.026854,0.664998,1.000000,-0.057903,391,71
Denseâ†’Lex|sft_k1|mistral-7b-v0.3,SecPresence,0.634910,0.626598,-0.008312,-0.043478,0.024936,0.832252,1.000000,-0.030853,391,57
Denseâ†’Lex|sft_k1|mistral-7b-v0.3,CondFilledRate,0.606820,0.598977,-0.007843,-0.028133,0.012532,0.697401,1.000000,-0.052426,391,71
Denseâ†’Lex|sft_k1|mistral-7b-v0.3,UAHE_per_1kTok,5.069437,4.966827,-0.102611,-0.674938,0.453182,0.906362,1.000000,-0.007848,391,299
Denseâ†’Lex|sft_k1|mistral-7b-v0.3,UAHE_Total,1.976982,1.864450,-0.112532,-0.383632,0.127877,0.541550,1.000000,-0.045641,391,231
Denseâ†’Lex|sft_k1|mistral-7b-v0.3,ContextSupportRate,0.632327,0.618328,-0.013998,-0.050614,0.022168,0.465497,1.000000,-0.052302,391,259
Denseâ†’Lex|sft_k1|mistral-7b-v0.3,ContextUnattributedRate,0.367673,0.381672,0.013998,-0.022856,0.050225,0.440054,1.000000,0.055331,391,259
Simâ†’Rand|sft_dense_k1|mistral-7b-v0.3,ROUGE1_R,0.621466,0.561191,-0.060275,-0.076766,-0.043985,0.000000,0.000000,-0.457489,391,376
Simâ†’Rand|sft_dense_k1|mistral-7b-v0.3,ROUGE1_F1,0.589968,0.550736,-0.039232,-0.060263,-0.018235,0.000092,0.030208,-0.228461,391,390
Simâ†’Rand|sft_dense_k1|mistral-7b-v0.3,SBERT,0.841896,0.815618,-0.026278,-0.045737,-0.007338,0.487096,1.000000,-0.040555,391,391
Simâ†’Rand|sft_dense_k1|mistral-7b-v0.3,CTQRS,0.761829,0.748561,-0.013267,-0.029572,0.002558,0.123800,1.000000,-0.102519,391,295
Simâ†’Rand|sft_dense_k1|mistral-7b-v0.3,ROUGE1_R_NORM,0.633939,0.573937,-0.060003,-0.076531,-0.043607,0.000000,0.000000,-0.460261,391,370
Simâ†’Rand|sft_dense_k1|mistral-7b-v0.3,ROUGE1_F1_NORM,0.603155,0.562728,-0.040427,-0.061740,-0.019947,0.000027,0.008970,-0.245772,391,389
Simâ†’Rand|sft_dense_k1|mistral-7b-v0.3,SBERT_NORM,0.832687,0.808406,-0.024281,-0.043189,-0.005972,0.422306,1.000000,-0.046888,391,390
Simâ†’Rand|sft_dense_k1|mistral-7b-v0.3,SecFilled,0.624041,0.626598,0.002558,-0.039003,0.043478,0.777139,1.000000,0.031553,391,103
Simâ†’Rand|sft_dense_k1|mistral-7b-v0.3,SecPresence,0.634910,0.638107,0.003197,-0.037724,0.043478,0.691698,1.000000,0.047283,391,87
Simâ†’Rand|sft_dense_k1|mistral-7b-v0.3,CondFilledRate,0.606820,0.604263,-0.002558,-0.030052,0.023998,0.986390,1.000000,-0.001941,391,101
Simâ†’Rand|sft_dense_k1|mistral-7b-v0.3,UAHE_per_1kTok,5.069437,7.894806,2.825369,2.155482,3.519829,0.000000,0.000000,0.486303,391,368
Simâ†’Rand|sft_dense_k1|mistral-7b-v0.3,UAHE_Total,1.976982,3.046036,1.069054,0.716113,1.457864,0.000000,0.000000,0.544287,391,294
Simâ†’Rand|sft_dense_k1|mistral-7b-v0.3,ContextSupportRate,0.632327,0.410902,-0.221424,-0.263608,-0.179250,0.000000,0.000000,-0.595746,391,323
Simâ†’Rand|sft_dense_k1|mistral-7b-v0.3,ContextUnattributedRate,0.367673,0.589098,0.221424,0.179749,0.262754,0.000000,0.000000,0.598861,391,323
TplOnâ†’Off|sft_dense_k1|mistral-7b-v0.3,ROUGE1_R,0.621466,0.610155,-0.011311,-0.019884,-0.003034,0.014651,1.000000,-0.182888,391,237
TplOnâ†’Off|sft_dense_k1|mistral-7b-v0.3,ROUGE1_F1,0.589968,0.579608,-0.010360,-0.022112,0.000872,0.131380,1.000000,-0.104016,391,280
TplOnâ†’Off|sft_dense_k1|mistral-7b-v0.3,SBERT,0.841896,0.837415,-0.004481,-0.012072,0.002905,0.733828,1.000000,-0.021864,391,322
TplOnâ†’Off|sft_dense_k1|mistral-7b-v0.3,CTQRS,0.761829,0.758792,-0.003037,-0.010870,0.004636,0.868088,1.000000,-0.017080,391,120
TplOnâ†’Off|sft_dense_k1|mistral-7b-v0.3,ROUGE1_R_NORM,0.633939,0.622768,-0.011171,-0.019944,-0.002925,0.037355,1.000000,-0.155335,391,239
TplOnâ†’Off|sft_dense_k1|mistral-7b-v0.3,ROUGE1_F1_NORM,0.603155,0.592153,-0.011001,-0.022997,0.000834,0.122569,1.000000,-0.107031,391,277
TplOnâ†’Off|sft_dense_k1|mistral-7b-v0.3,SBERT_NORM,0.832687,0.828500,-0.004187,-0.011418,0.003167,0.534203,1.000000,-0.042780,391,281
TplOnâ†’Off|sft_dense_k1|mistral-7b-v0.3,SecFilled,0.624041,0.593350,-0.030691,-0.046675,-0.016624,0.000015,0.005234,-1.000000,391,17
TplOnâ†’Off|sft_dense_k1|mistral-7b-v0.3,SecPresence,0.634910,0.603581,-0.031330,-0.047954,-0.016624,0.000015,0.005234,-1.000000,391,17
TplOnâ†’Off|sft_dense_k1|mistral-7b-v0.3,CondFilledRate,0.606820,0.588406,-0.018414,-0.030392,-0.008140,0.000252,0.080315,-0.894737,391,18
TplOnâ†’Off|sft_dense_k1|mistral-7b-v0.3,UAHE_per_1kTok,5.069437,4.921646,-0.147791,-0.499795,0.253223,0.022581,1.000000,-0.181494,391,210
TplOnâ†’Off|sft_dense_k1|mistral-7b-v0.3,UAHE_Total,1.976982,1.966752,-0.010230,-0.283887,0.340153,0.139746,1.000000,-0.203687,391,67
TplOnâ†’Off|sft_dense_k1|mistral-7b-v0.3,ContextSupportRate,0.632327,0.635979,0.003652,-0.009471,0.017253,0.769299,1.000000,0.037975,391,79
TplOnâ†’Off|sft_dense_k1|mistral-7b-v0.3,ContextUnattributedRate,0.367673,0.364021,-0.003652,-0.016979,0.009227,0.782405,1.000000,-0.035759,391,79
NoMaskâ†’HardMask|sft_dense_k1|mistral-7b-v0.3,ROUGE1_R,0.621466,0.614454,-0.007012,-0.016379,0.002030,0.101977,1.000000,-0.107511,391,308
NoMaskâ†’HardMask|sft_dense_k1|mistral-7b-v0.3,ROUGE1_F1,0.589968,0.589856,-0.000112,-0.012769,0.012533,0.792371,1.000000,-0.016259,391,349
NoMaskâ†’HardMask|sft_dense_k1|mistral-7b-v0.3,SBERT,0.841896,0.851424,0.009528,0.000624,0.018722,0.024361,1.000000,0.132751,391,383
NoMaskâ†’HardMask|sft_dense_k1|mistral-7b-v0.3,CTQRS,0.761829,0.766624,0.004795,-0.005275,0.014706,0.178655,1.000000,0.111595,391,185
NoMaskâ†’HardMask|sft_dense_k1|mistral-7b-v0.3,ROUGE1_R_NORM,0.633939,0.630115,-0.003825,-0.013005,0.005312,0.832994,1.000000,-0.013730,391,314
NoMaskâ†’HardMask|sft_dense_k1|mistral-7b-v0.3,ROUGE1_F1_NORM,0.603155,0.602006,-0.001148,-0.013809,0.011653,0.617839,1.000000,-0.030860,391,348
NoMaskâ†’HardMask|sft_dense_k1|mistral-7b-v0.3,SBERT_NORM,0.832687,0.842450,0.009764,0.001646,0.018772,0.042808,1.000000,0.123703,391,357
NoMaskâ†’HardMask|sft_dense_k1|mistral-7b-v0.3,SecFilled,0.624041,0.605499,-0.018542,-0.039003,0.001279,0.090024,1.000000,-0.369458,391,28
NoMaskâ†’HardMask|sft_dense_k1|mistral-7b-v0.3,SecPresence,0.634910,0.616368,-0.018542,-0.038363,0.000639,0.113961,1.000000,-0.373333,391,24
NoMaskâ†’HardMask|sft_dense_k1|mistral-7b-v0.3,CondFilledRate,0.606820,0.596419,-0.010401,-0.026301,0.004945,0.203198,1.000000,-0.217391,391,46
NoMaskâ†’HardMask|sft_dense_k1|mistral-7b-v0.3,UAHE_per_1kTok,5.069437,8.391121,3.321684,2.781300,3.879826,0.000000,0.000000,0.713870,391,354
NoMaskâ†’HardMask|sft_dense_k1|mistral-7b-v0.3,UAHE_Total,1.976982,3.112532,1.135550,0.867008,1.381074,0.000000,0.000000,0.799834,391,277
NoMaskâ†’HardMask|sft_dense_k1|mistral-7b-v0.3,ContextSupportRate,0.632327,0.235014,-0.397312,-0.433487,-0.361744,0.000000,0.000000,-0.971651,391,314
NoMaskâ†’HardMask|sft_dense_k1|mistral-7b-v0.3,ContextUnattributedRate,0.367673,0.764986,0.397312,0.360070,0.433538,0.000000,0.000000,0.971873,391,314
DPO_freeâ†’aware|bal_k0|mistral-7b-v0.3,ROUGE1_R,0.535982,0.559606,0.023624,0.011718,0.035812,0.000001,0.000506,0.286169,391,379
DPO_freeâ†’aware|bal_k0|mistral-7b-v0.3,ROUGE1_F1,0.569708,0.534876,-0.034832,-0.048671,-0.020592,0.000000,0.000000,-0.420447,391,390
DPO_freeâ†’aware|bal_k0|mistral-7b-v0.3,SBERT,0.855237,0.845891,-0.009346,-0.019908,0.002127,0.000000,0.000000,-0.404170,391,391
DPO_freeâ†’aware|bal_k0|mistral-7b-v0.3,CTQRS,0.725384,0.698689,-0.026694,-0.040601,-0.012468,0.000013,0.004400,-0.286418,391,301
DPO_freeâ†’aware|bal_k0|mistral-7b-v0.3,ROUGE1_R_NORM,0.542758,0.566740,0.023982,0.011819,0.036135,0.000002,0.000779,0.280508,391,380
DPO_freeâ†’aware|bal_k0|mistral-7b-v0.3,ROUGE1_F1_NORM,0.570477,0.533436,-0.037041,-0.050942,-0.022767,0.000000,0.000000,-0.429549,391,390
DPO_freeâ†’aware|bal_k0|mistral-7b-v0.3,SBERT_NORM,0.837608,0.827705,-0.009903,-0.020672,0.001488,0.000000,0.000000,-0.399186,391,391
DPO_freeâ†’aware|bal_k0|mistral-7b-v0.3,SecFilled,0.956522,0.557545,-0.398977,-0.449488,-0.349105,0.000000,0.000000,-0.942647,391,205
DPO_freeâ†’aware|bal_k0|mistral-7b-v0.3,SecPresence,0.975703,0.563299,-0.412404,-0.460997,-0.362532,0.000000,0.000000,-0.988110,391,182
DPO_freeâ†’aware|bal_k0|mistral-7b-v0.3,CondFilledRate,0.783376,0.522634,-0.260742,-0.299108,-0.221995,0.000000,0.000000,-0.913995,391,205
DPO_freeâ†’aware|bal_k0|mistral-7b-v0.3,UAHE_per_1kTok,0.696848,0.647998,-0.048851,-0.203344,0.107194,0.368787,1.000000,-0.110317,391,88
DPO_freeâ†’aware|bal_k0|mistral-7b-v0.3,UAHE_Total,0.191816,0.184143,-0.007673,-0.048593,0.033248,0.619801,1.000000,-0.069881,391,53
DPO_freeâ†’aware|bal_k0|mistral-7b-v0.3,ContextSupportRate,0.501340,0.557447,0.056108,0.029351,0.083912,0.000165,0.053607,0.501261,391,74
DPO_freeâ†’aware|bal_k0|mistral-7b-v0.3,ContextUnattributedRate,0.076665,0.076824,0.000158,-0.018749,0.018762,1.000000,1.000000,0.000000,391,59
DPO_freeâ†’aware|bal_dense_k1|mistral-7b-v0.3,ROUGE1_R,0.567342,0.576304,0.008961,-0.005278,0.022929,0.181977,1.000000,0.079852,391,372
DPO_freeâ†’aware|bal_dense_k1|mistral-7b-v0.3,ROUGE1_F1,0.573081,0.520173,-0.052908,-0.069816,-0.035733,0.000000,0.000000,-0.454564,391,391
DPO_freeâ†’aware|bal_dense_k1|mistral-7b-v0.3,SBERT,0.850379,0.763974,-0.086405,-0.101096,-0.071078,0.000000,0.000000,-0.731275,391,391
DPO_freeâ†’aware|bal_dense_k1|mistral-7b-v0.3,CTQRS,0.713075,0.776535,0.063459,0.047634,0.079444,0.000000,0.000000,0.493080,391,341
DPO_freeâ†’aware|bal_dense_k1|mistral-7b-v0.3,ROUGE1_R_NORM,0.575517,0.591433,0.015916,0.001755,0.030330,0.018596,1.000000,0.138955,391,382
DPO_freeâ†’aware|bal_dense_k1|mistral-7b-v0.3,ROUGE1_F1_NORM,0.576337,0.532210,-0.044127,-0.060979,-0.026909,0.000000,0.000000,-0.393079,391,391
DPO_freeâ†’aware|bal_dense_k1|mistral-7b-v0.3,SBERT_NORM,0.837867,0.759580,-0.078287,-0.092970,-0.063452,0.000000,0.000000,-0.701237,391,391
DPO_freeâ†’aware|bal_dense_k1|mistral-7b-v0.3,SecFilled,0.929028,0.633632,-0.295396,-0.341432,-0.249361,0.000000,0.000000,-0.892195,391,183
DPO_freeâ†’aware|bal_dense_k1|mistral-7b-v0.3,SecPresence,0.960997,0.643223,-0.317775,-0.365090,-0.272379,0.000000,0.000000,-0.947376,391,164
DPO_freeâ†’aware|bal_dense_k1|mistral-7b-v0.3,CondFilledRate,0.767093,0.598551,-0.168542,-0.201833,-0.136017,0.000000,0.000000,-0.808149,391,183
DPO_freeâ†’aware|bal_dense_k1|mistral-7b-v0.3,UAHE_per_1kTok,0.704660,0.467176,-0.237484,-0.377044,-0.107730,0.000741,0.229575,-0.421341,391,85
DPO_freeâ†’aware|bal_dense_k1|mistral-7b-v0.3,UAHE_Total,0.232737,0.171355,-0.061381,-0.109974,-0.015345,0.006772,1.000000,-0.404977,391,51
DPO_freeâ†’aware|bal_dense_k1|mistral-7b-v0.3,ContextSupportRate,0.591035,0.949418,0.358383,0.312830,0.404110,0.000000,0.000000,0.962493,391,202
DPO_freeâ†’aware|bal_dense_k1|mistral-7b-v0.3,ContextUnattributedRate,0.071369,0.027564,-0.043805,-0.060007,-0.028670,0.000000,0.000007,-0.717308,391,82
Baseâ†’SFT|k0|qwen2.5-7b,ROUGE1_R,0.678552,0.621547,-0.057005,-0.069411,-0.044657,0.000000,0.000000,-0.502567,391,375
Baseâ†’SFT|k0|qwen2.5-7b,ROUGE1_F1,0.256837,0.631298,0.374461,0.356900,0.391212,0.000000,0.000000,0.985803,391,391
Baseâ†’SFT|k0|qwen2.5-7b,SBERT,0.863708,0.879369,0.015661,0.007114,0.023436,0.000000,0.000000,0.367973,391,391
Baseâ†’SFT|k0|qwen2.5-7b,CTQRS,0.726662,0.727462,0.000799,-0.012948,0.014870,0.402269,1.000000,0.052912,391,325
Baseâ†’SFT|k0|qwen2.5-7b,ROUGE1_R_NORM,0.686471,0.633625,-0.052846,-0.065547,-0.040216,0.000000,0.000000,-0.449811,391,384
Baseâ†’SFT|k0|qwen2.5-7b,ROUGE1_F1_NORM,0.253504,0.644512,0.391008,0.373722,0.407906,0.000000,0.000000,0.988152,391,391
Baseâ†’SFT|k0|qwen2.5-7b,SBERT_NORM,0.848389,0.873059,0.024669,0.015054,0.033693,0.000000,0.000000,0.477843,391,391
Baseâ†’SFT|k0|qwen2.5-7b,SecFilled,0.936701,0.576726,-0.359974,-0.404092,-0.315217,0.000000,0.000000,-0.975773,391,189
Baseâ†’SFT|k0|qwen2.5-7b,SecPresence,1.000000,0.585678,-0.414322,-0.463555,-0.366368,0.000000,0.000000,-1.000000,391,164
Baseâ†’SFT|k0|qwen2.5-7b,CondFilledRate,0.756564,0.584868,-0.171697,-0.202984,-0.141217,0.000000,0.000000,-0.804689,391,201
Baseâ†’SFT|k0|qwen2.5-7b,UAHE_per_1kTok,0.649377,13.960645,13.311269,12.631557,14.021062,0.000000,0.000000,0.999895,391,389
Baseâ†’SFT|k0|qwen2.5-7b,UAHE_Total,0.664962,4.125320,3.460358,3.102238,3.933504,0.000000,0.000000,0.982589,391,370
Baseâ†’SFT|k0|qwen2.5-7b,ContextSupportRate,0.466045,0.226611,-0.239434,-0.272094,-0.206628,0.000000,0.000000,-0.879268,391,237
Baseâ†’SFT|k0|qwen2.5-7b,ContextUnattributedRate,0.244953,0.773389,0.528437,0.487878,0.568691,0.000000,0.000000,0.964312,391,341
Baseâ†’SFT|dense_k1|qwen2.5-7b,ROUGE1_R,0.704041,0.647757,-0.056284,-0.069201,-0.043240,0.000000,0.000000,-0.480384,391,380
Baseâ†’SFT|dense_k1|qwen2.5-7b,ROUGE1_F1,0.279346,0.637858,0.358511,0.340965,0.375839,0.000000,0.000000,0.985098,391,391
Baseâ†’SFT|dense_k1|qwen2.5-7b,SBERT,0.845855,0.875975,0.030120,0.020043,0.040645,0.000000,0.000000,0.426405,391,391
Baseâ†’SFT|dense_k1|qwen2.5-7b,CTQRS,0.759910,0.750160,-0.009751,-0.024616,0.004955,0.375131,1.000000,-0.056301,391,323
Baseâ†’SFT|dense_k1|qwen2.5-7b,ROUGE1_R_NORM,0.713471,0.659171,-0.054300,-0.067379,-0.041121,0.000000,0.000000,-0.458381,391,385
Baseâ†’SFT|dense_k1|qwen2.5-7b,ROUGE1_F1_NORM,0.277656,0.648570,0.370914,0.353200,0.388114,0.000000,0.000000,0.985881,391,391
Baseâ†’SFT|dense_k1|qwen2.5-7b,SBERT_NORM,0.831627,0.868763,0.037136,0.025442,0.048287,0.000000,0.000000,0.488152,391,391
Baseâ†’SFT|dense_k1|qwen2.5-7b,SecFilled,0.904731,0.589514,-0.315217,-0.359974,-0.271084,0.000000,0.000000,-0.932611,391,174
Baseâ†’SFT|dense_k1|qwen2.5-7b,SecPresence,0.969309,0.602941,-0.366368,-0.414322,-0.319693,0.000000,0.000000,-1.000000,391,149
Baseâ†’SFT|dense_k1|qwen2.5-7b,CondFilledRate,0.745865,0.579156,-0.166709,-0.197229,-0.135976,0.000000,0.000000,-0.834983,391,181
Baseâ†’SFT|dense_k1|qwen2.5-7b,UAHE_per_1kTok,1.160413,8.040427,6.880014,6.203768,7.602778,0.000000,0.000000,0.945890,391,354
Baseâ†’SFT|dense_k1|qwen2.5-7b,UAHE_Total,1.179028,2.578005,1.398977,1.005115,1.884974,0.000000,0.000000,0.602613,391,313
Baseâ†’SFT|dense_k1|qwen2.5-7b,ContextSupportRate,0.485847,0.522927,0.037079,-0.007555,0.079718,0.322333,1.000000,0.064316,391,315
Baseâ†’SFT|dense_k1|qwen2.5-7b,ContextUnattributedRate,0.294204,0.477073,0.182869,0.139940,0.225578,0.000000,0.000000,0.505355,391,322
SFTâ†’DPO_free_bal|k0|qwen2.5-7b,ROUGE1_R,0.621547,0.548050,-0.073497,-0.084713,-0.062271,0.000000,0.000000,-0.713382,391,382
SFTâ†’DPO_free_bal|k0|qwen2.5-7b,ROUGE1_F1,0.631298,0.587696,-0.043602,-0.056852,-0.030257,0.000000,0.000000,-0.476617,391,391
SFTâ†’DPO_free_bal|k0|qwen2.5-7b,SBERT,0.879369,0.865056,-0.014313,-0.022626,-0.005274,0.000000,0.000048,-0.308471,391,391
SFTâ†’DPO_free_bal|k0|qwen2.5-7b,CTQRS,0.727462,0.711797,-0.015665,-0.028932,-0.002398,0.011240,1.000000,-0.158146,391,332
SFTâ†’DPO_free_bal|k0|qwen2.5-7b,ROUGE1_R_NORM,0.633625,0.554184,-0.079442,-0.090596,-0.067778,0.000000,0.000000,-0.735133,391,384
SFTâ†’DPO_free_bal|k0|qwen2.5-7b,ROUGE1_F1_NORM,0.644512,0.588501,-0.056011,-0.069635,-0.042584,0.000000,0.000000,-0.581424,391,391
SFTâ†’DPO_free_bal|k0|qwen2.5-7b,SBERT_NORM,0.873059,0.853089,-0.019969,-0.029307,-0.010120,0.000000,0.000000,-0.363954,391,391
SFTâ†’DPO_free_bal|k0|qwen2.5-7b,SecFilled,0.576726,0.963555,0.386829,0.339514,0.435438,0.000000,0.000000,0.964911,391,178
SFTâ†’DPO_free_bal|k0|qwen2.5-7b,SecPresence,0.585678,0.987212,0.401535,0.352302,0.450128,0.000000,0.000000,0.974078,391,165
SFTâ†’DPO_free_bal|k0|qwen2.5-7b,CondFilledRate,0.584868,0.784484,0.199616,0.168840,0.232354,0.000000,0.000000,0.916089,391,176
SFTâ†’DPO_free_bal|k0|qwen2.5-7b,UAHE_per_1kTok,13.960645,2.733100,-11.227546,-11.943412,-10.517197,0.000000,0.000000,-0.979830,391,389
SFTâ†’DPO_free_bal|k0|qwen2.5-7b,UAHE_Total,4.125320,0.649616,-3.475703,-3.923274,-3.130435,0.000000,0.000000,-0.992596,391,375
SFTâ†’DPO_free_bal|k0|qwen2.5-7b,ContextSupportRate,0.226611,0.395968,0.169357,0.137287,0.201616,0.000000,0.000000,0.698424,391,232
SFTâ†’DPO_free_bal|k0|qwen2.5-7b,ContextUnattributedRate,0.773389,0.238303,-0.535086,-0.575737,-0.494420,0.000000,0.000000,-0.956239,391,350
SFTâ†’DPO_free_bal|dense_k1|qwen2.5-7b,ROUGE1_R,0.647757,0.573517,-0.074240,-0.085743,-0.062824,0.000000,0.000000,-0.741351,391,383
SFTâ†’DPO_free_bal|dense_k1|qwen2.5-7b,ROUGE1_F1,0.637858,0.595128,-0.042730,-0.058319,-0.027269,0.000000,0.000000,-0.447962,391,391
SFTâ†’DPO_free_bal|dense_k1|qwen2.5-7b,SBERT,0.875975,0.865223,-0.010752,-0.019166,-0.001898,0.000003,0.001003,-0.273370,391,391
SFTâ†’DPO_free_bal|dense_k1|qwen2.5-7b,CTQRS,0.750160,0.716113,-0.034047,-0.046355,-0.022059,0.000000,0.000028,-0.335233,391,332
SFTâ†’DPO_free_bal|dense_k1|qwen2.5-7b,ROUGE1_R_NORM,0.659171,0.579496,-0.079675,-0.090975,-0.068219,0.000000,0.000000,-0.760689,391,387
SFTâ†’DPO_free_bal|dense_k1|qwen2.5-7b,ROUGE1_F1_NORM,0.648570,0.596473,-0.052097,-0.067220,-0.036243,0.000000,0.000000,-0.536823,391,391
SFTâ†’DPO_free_bal|dense_k1|qwen2.5-7b,SBERT_NORM,0.868763,0.852234,-0.016529,-0.026289,-0.006473,0.000000,0.000004,-0.335221,391,391
SFTâ†’DPO_free_bal|dense_k1|qwen2.5-7b,SecFilled,0.589514,0.949488,0.359974,0.313299,0.407289,0.000000,0.000000,0.957888,391,180
SFTâ†’DPO_free_bal|dense_k1|qwen2.5-7b,SecPresence,0.602941,0.973146,0.370205,0.321611,0.419437,0.000000,0.000000,0.979115,391,160
SFTâ†’DPO_free_bal|dense_k1|qwen2.5-7b,CondFilledRate,0.579156,0.776684,0.197528,0.166922,0.229454,0.000000,0.000000,0.927249,391,178
SFTâ†’DPO_free_bal|dense_k1|qwen2.5-7b,UAHE_per_1kTok,8.040427,2.189492,-5.850936,-6.581491,-5.166463,0.000000,0.000000,-0.872493,391,338
SFTâ†’DPO_free_bal|dense_k1|qwen2.5-7b,UAHE_Total,2.578005,0.572890,-2.005115,-2.478261,-1.647059,0.000000,0.000000,-0.896464,391,315
SFTâ†’DPO_free_bal|dense_k1|qwen2.5-7b,ContextSupportRate,0.522927,0.500695,-0.022231,-0.066453,0.021707,0.935421,1.000000,-0.005377,391,302
SFTâ†’DPO_free_bal|dense_k1|qwen2.5-7b,ContextUnattributedRate,0.477073,0.169381,-0.307692,-0.348377,-0.267645,0.000000,0.000000,-0.793858,391,322
SFTâ†’DPO_aware_bal|k0|qwen2.5-7b,ROUGE1_R,0.621547,0.541799,-0.079748,-0.090825,-0.068227,0.000000,0.000000,-0.739982,391,386
SFTâ†’DPO_aware_bal|k0|qwen2.5-7b,ROUGE1_F1,0.631298,0.568958,-0.062340,-0.078362,-0.046738,0.000000,0.000000,-0.542330,391,391
SFTâ†’DPO_aware_bal|k0|qwen2.5-7b,SBERT,0.879369,0.873264,-0.006105,-0.013914,0.002503,0.001569,0.473784,-0.184509,391,391
SFTâ†’DPO_aware_bal|k0|qwen2.5-7b,CTQRS,0.727462,0.697251,-0.030211,-0.044118,-0.016624,0.000010,0.003497,-0.272348,391,340
SFTâ†’DPO_aware_bal|k0|qwen2.5-7b,ROUGE1_R_NORM,0.633625,0.548256,-0.085370,-0.096952,-0.073955,0.000000,0.000000,-0.761738,391,386
SFTâ†’DPO_aware_bal|k0|qwen2.5-7b,ROUGE1_F1_NORM,0.644512,0.569886,-0.074626,-0.090636,-0.058442,0.000000,0.000000,-0.624667,391,391
SFTâ†’DPO_aware_bal|k0|qwen2.5-7b,SBERT_NORM,0.873059,0.859428,-0.013631,-0.023036,-0.003762,0.000004,0.001538,-0.268072,391,391
SFTâ†’DPO_aware_bal|k0|qwen2.5-7b,SecFilled,0.576726,0.850384,0.273657,0.226343,0.322890,0.000000,0.000000,0.722323,391,243
SFTâ†’DPO_aware_bal|k0|qwen2.5-7b,SecPresence,0.585678,0.961637,0.375959,0.326726,0.424568,0.000000,0.000000,0.969156,391,175
SFTâ†’DPO_aware_bal|k0|qwen2.5-7b,CondFilledRate,0.584868,0.714621,0.129753,0.097272,0.163428,0.000000,0.000000,0.576463,391,219
SFTâ†’DPO_aware_bal|k0|qwen2.5-7b,UAHE_per_1kTok,13.960645,2.339667,-11.620978,-12.340550,-10.919597,0.000000,0.000000,-0.982085,391,388
SFTâ†’DPO_aware_bal|k0|qwen2.5-7b,UAHE_Total,4.125320,0.565217,-3.560102,-4.025575,-3.212276,0.000000,0.000000,-0.993445,391,381
SFTâ†’DPO_aware_bal|k0|qwen2.5-7b,ContextSupportRate,0.226611,0.441262,0.214651,0.181010,0.247571,0.000000,0.000000,0.821876,391,231
SFTâ†’DPO_aware_bal|k0|qwen2.5-7b,ContextUnattributedRate,0.773389,0.182779,-0.590610,-0.628558,-0.553367,0.000000,0.000000,-0.987559,391,357
SFTâ†’DPO_aware_bal|dense_k1|qwen2.5-7b,ROUGE1_R,0.647757,0.597930,-0.049827,-0.062021,-0.038091,0.000000,0.000000,-0.536055,391,380
SFTâ†’DPO_aware_bal|dense_k1|qwen2.5-7b,ROUGE1_F1,0.637858,0.568619,-0.069239,-0.085978,-0.052303,0.000000,0.000000,-0.558896,391,390
SFTâ†’DPO_aware_bal|dense_k1|qwen2.5-7b,SBERT,0.875975,0.845165,-0.030810,-0.041293,-0.020307,0.000000,0.000000,-0.440472,391,391
SFTâ†’DPO_aware_bal|dense_k1|qwen2.5-7b,CTQRS,0.750160,0.728101,-0.022059,-0.035166,-0.008951,0.000486,0.152676,-0.217952,391,325
SFTâ†’DPO_aware_bal|dense_k1|qwen2.5-7b,ROUGE1_R_NORM,0.659171,0.604816,-0.054356,-0.066569,-0.042111,0.000000,0.000000,-0.567440,391,380
SFTâ†’DPO_aware_bal|dense_k1|qwen2.5-7b,ROUGE1_F1_NORM,0.648570,0.570380,-0.078190,-0.095037,-0.060984,0.000000,0.000000,-0.612748,391,390
SFTâ†’DPO_aware_bal|dense_k1|qwen2.5-7b,SBERT_NORM,0.868763,0.832432,-0.036330,-0.047576,-0.024799,0.000000,0.000000,-0.492197,391,391
SFTâ†’DPO_aware_bal|dense_k1|qwen2.5-7b,SecFilled,0.589514,0.836317,0.246803,0.201407,0.292199,0.000000,0.000000,0.772499,391,190
SFTâ†’DPO_aware_bal|dense_k1|qwen2.5-7b,SecPresence,0.602941,0.886189,0.283248,0.234015,0.331841,0.000000,0.000000,0.845611,391,172
SFTâ†’DPO_aware_bal|dense_k1|qwen2.5-7b,CondFilledRate,0.579156,0.718329,0.139173,0.107331,0.170802,0.000000,0.000000,0.682216,391,187
SFTâ†’DPO_aware_bal|dense_k1|qwen2.5-7b,UAHE_per_1kTok,8.040427,1.149119,-6.891308,-7.582791,-6.229027,0.000000,0.000000,-0.974268,391,333
SFTâ†’DPO_aware_bal|dense_k1|qwen2.5-7b,UAHE_Total,2.578005,0.335038,-2.242967,-2.708440,-1.897634,0.000000,0.000000,-0.986850,391,311
SFTâ†’DPO_aware_bal|dense_k1|qwen2.5-7b,ContextSupportRate,0.522927,0.638749,0.115822,0.071681,0.160392,0.000000,0.000034,0.352835,391,306
SFTâ†’DPO_aware_bal|dense_k1|qwen2.5-7b,ContextUnattributedRate,0.477073,0.092709,-0.384365,-0.419648,-0.349214,0.000000,0.000000,-0.944100,391,323
NoRAGâ†’RAG|sft|qwen2.5-7b,ROUGE1_R,0.621547,0.647757,0.026210,0.013724,0.039320,0.000017,0.005704,0.256468,391,375
NoRAGâ†’RAG|sft|qwen2.5-7b,ROUGE1_F1,0.631298,0.637858,0.006560,-0.008149,0.021519,0.093461,1.000000,0.097891,391,391
NoRAGâ†’RAG|sft|qwen2.5-7b,SBERT,0.879369,0.875975,-0.003394,-0.013002,0.006262,0.568260,1.000000,0.033300,391,391
NoRAGâ†’RAG|sft|qwen2.5-7b,CTQRS,0.727462,0.750160,0.022698,0.009591,0.035646,0.000120,0.039224,0.267427,391,267
NoRAGâ†’RAG|sft|qwen2.5-7b,ROUGE1_R_NORM,0.633625,0.659171,0.025546,0.012453,0.038509,0.000018,0.006069,0.256638,391,372
NoRAGâ†’RAG|sft|qwen2.5-7b,ROUGE1_F1_NORM,0.644512,0.648570,0.004058,-0.011194,0.019293,0.161401,1.000000,0.081828,391,390
NoRAGâ†’RAG|sft|qwen2.5-7b,SBERT_NORM,0.873059,0.868763,-0.004296,-0.015125,0.006415,0.951504,1.000000,0.003549,391,391
NoRAGâ†’RAG|sft|qwen2.5-7b,SecFilled,0.576726,0.589514,0.012788,-0.019821,0.044118,0.562969,1.000000,0.084746,391,59
NoRAGâ†’RAG|sft|qwen2.5-7b,SecPresence,0.585678,0.602941,0.017263,-0.015345,0.050512,0.301066,1.000000,0.156749,391,52
NoRAGâ†’RAG|sft|qwen2.5-7b,CondFilledRate,0.584868,0.579156,-0.005712,-0.025234,0.012789,0.745962,1.000000,-0.047541,391,60
NoRAGâ†’RAG|sft|qwen2.5-7b,UAHE_per_1kTok,13.960645,8.040427,-5.920218,-6.758561,-5.066978,0.000000,0.000000,-0.766103,391,386
NoRAGâ†’RAG|sft|qwen2.5-7b,UAHE_Total,4.125320,2.578005,-1.547315,-2.005115,-1.038363,0.000000,0.000000,-0.756155,391,301
NoRAGâ†’RAG|sft|qwen2.5-7b,ContextSupportRate,0.226611,0.522927,0.296316,0.263396,0.329651,0.000000,0.000000,0.927290,391,290
NoRAGâ†’RAG|sft|qwen2.5-7b,ContextUnattributedRate,0.773389,0.477073,-0.296316,-0.329855,-0.263311,0.000000,0.000000,-0.924991,391,290
NoRAGâ†’RAG|dpo_retr_bal|qwen2.5-7b,ROUGE1_R,0.548050,0.573517,0.025467,0.016128,0.034795,0.000000,0.000002,0.351747,391,369
NoRAGâ†’RAG|dpo_retr_bal|qwen2.5-7b,ROUGE1_F1,0.587696,0.595128,0.007432,-0.004475,0.019330,0.014798,1.000000,0.142601,391,389
NoRAGâ†’RAG|dpo_retr_bal|qwen2.5-7b,SBERT,0.865056,0.865223,0.000167,-0.005879,0.006271,0.691322,1.000000,0.023202,391,390
NoRAGâ†’RAG|dpo_retr_bal|qwen2.5-7b,CTQRS,0.711797,0.716113,0.004316,-0.006394,0.014866,0.527953,1.000000,0.044754,391,253
NoRAGâ†’RAG|dpo_retr_bal|qwen2.5-7b,ROUGE1_R_NORM,0.554184,0.579496,0.025312,0.016161,0.034556,0.000000,0.000002,0.353754,391,369
NoRAGâ†’RAG|dpo_retr_bal|qwen2.5-7b,ROUGE1_F1_NORM,0.588501,0.596473,0.007972,-0.004153,0.019937,0.009409,1.000000,0.151935,391,389
NoRAGâ†’RAG|dpo_retr_bal|qwen2.5-7b,SBERT_NORM,0.853089,0.852234,-0.000855,-0.006607,0.004880,0.504864,1.000000,0.038966,391,390
NoRAGâ†’RAG|dpo_retr_bal|qwen2.5-7b,SecFilled,0.963555,0.949488,-0.014066,-0.031969,0.003197,0.058052,1.000000,-0.286195,391,54
NoRAGâ†’RAG|dpo_retr_bal|qwen2.5-7b,SecPresence,0.987212,0.973146,-0.014066,-0.030051,0.001279,0.054245,1.000000,-0.466403,391,22
NoRAGâ†’RAG|dpo_retr_bal|qwen2.5-7b,CondFilledRate,0.784484,0.776684,-0.007801,-0.020375,0.004987,0.318811,1.000000,-0.159879,391,51
NoRAGâ†’RAG|dpo_retr_bal|qwen2.5-7b,UAHE_per_1kTok,2.733100,2.189492,-0.543608,-0.953741,-0.133900,0.000869,0.268422,-0.283079,391,184
NoRAGâ†’RAG|dpo_retr_bal|qwen2.5-7b,UAHE_Total,0.649616,0.572890,-0.076726,-0.176535,0.025575,0.046271,1.000000,-0.208396,391,115
NoRAGâ†’RAG|dpo_retr_bal|qwen2.5-7b,ContextSupportRate,0.395968,0.500695,0.104727,0.070804,0.140073,0.000000,0.000002,0.569065,391,139
NoRAGâ†’RAG|dpo_retr_bal|qwen2.5-7b,ContextUnattributedRate,0.238303,0.169381,-0.068922,-0.102460,-0.035044,0.000041,0.013630,-0.406209,391,135
NoRAGâ†’RAG|dpo_retr_bal|qwen2.5-7b,ROUGE1_R,0.541799,0.597930,0.056131,0.044900,0.067652,0.000000,0.000000,0.556190,391,382
NoRAGâ†’RAG|dpo_retr_bal|qwen2.5-7b,ROUGE1_F1,0.568958,0.568619,-0.000339,-0.017917,0.017007,0.900354,1.000000,0.007307,391,391
NoRAGâ†’RAG|dpo_retr_bal|qwen2.5-7b,SBERT,0.873264,0.845165,-0.028099,-0.037503,-0.019164,0.000000,0.000005,-0.333172,391,391
NoRAGâ†’RAG|dpo_retr_bal|qwen2.5-7b,CTQRS,0.697251,0.728101,0.030850,0.017583,0.044441,0.000002,0.000859,0.313340,391,294
NoRAGâ†’RAG|dpo_retr_bal|qwen2.5-7b,ROUGE1_R_NORM,0.548256,0.604816,0.056560,0.044876,0.068260,0.000000,0.000000,0.555519,391,380
NoRAGâ†’RAG|dpo_retr_bal|qwen2.5-7b,ROUGE1_F1_NORM,0.569886,0.570380,0.000494,-0.017323,0.018190,0.768037,1.000000,0.017257,391,389
NoRAGâ†’RAG|dpo_retr_bal|qwen2.5-7b,SBERT_NORM,0.859428,0.832432,-0.026995,-0.035997,-0.017923,0.000000,0.000061,-0.305835,391,391
NoRAGâ†’RAG|dpo_retr_bal|qwen2.5-7b,SecFilled,0.850384,0.836317,-0.014066,-0.043494,0.015345,0.555857,1.000000,-0.046462,391,196
NoRAGâ†’RAG|dpo_retr_bal|qwen2.5-7b,SecPresence,0.961637,0.886189,-0.075448,-0.102318,-0.048593,0.000000,0.000014,-0.636651,391,97
NoRAGâ†’RAG|dpo_retr_bal|qwen2.5-7b,CondFilledRate,0.714621,0.718329,0.003708,-0.019950,0.027025,0.280247,1.000000,0.096970,391,164
NoRAGâ†’RAG|dpo_retr_bal|qwen2.5-7b,UAHE_per_1kTok,2.339667,1.149119,-1.190548,-1.581532,-0.834565,0.000000,0.000000,-0.622659,391,137
NoRAGâ†’RAG|dpo_retr_bal|qwen2.5-7b,UAHE_Total,0.565217,0.335038,-0.230179,-0.322251,-0.140665,0.000001,0.000192,-0.590476,391,90
NoRAGâ†’RAG|dpo_retr_bal|qwen2.5-7b,ContextSupportRate,0.441262,0.638749,0.197487,0.156992,0.239007,0.000000,0.000000,0.771462,391,159
NoRAGâ†’RAG|dpo_retr_bal|qwen2.5-7b,ContextUnattributedRate,0.182779,0.092709,-0.090071,-0.118737,-0.062483,0.000000,0.000000,-0.680468,391,112
k1â†’k2|sft|qwen2.5-7b,ROUGE1_R,0.647757,0.649977,0.002220,-0.009066,0.013378,0.439916,1.000000,0.046332,391,370
k1â†’k2|sft|qwen2.5-7b,ROUGE1_F1,0.637858,0.640132,0.002274,-0.011881,0.016518,0.891632,1.000000,-0.007992,391,387
k1â†’k2|sft|qwen2.5-7b,SBERT,0.875975,0.876032,0.000057,-0.008207,0.008784,0.440906,1.000000,0.045206,391,387
k1â†’k2|sft|qwen2.5-7b,CTQRS,0.750160,0.749840,-0.000320,-0.011988,0.011509,0.901302,1.000000,-0.009250,391,232
k1â†’k2|sft|qwen2.5-7b,ROUGE1_R_NORM,0.659171,0.662049,0.002878,-0.008409,0.014370,0.358093,1.000000,0.055736,391,362
k1â†’k2|sft|qwen2.5-7b,ROUGE1_F1_NORM,0.648570,0.652323,0.003752,-0.010483,0.017919,0.855142,1.000000,-0.010709,391,387
k1â†’k2|sft|qwen2.5-7b,SBERT_NORM,0.868763,0.868664,-0.000099,-0.009161,0.009727,0.904577,1.000000,-0.007023,391,388
k1â†’k2|sft|qwen2.5-7b,SecFilled,0.589514,0.611893,0.022379,-0.006410,0.052430,0.218110,1.000000,0.189226,391,54
k1â†’k2|sft|qwen2.5-7b,SecPresence,0.602941,0.626598,0.023657,-0.007033,0.054348,0.153862,1.000000,0.251586,391,43
k1â†’k2|sft|qwen2.5-7b,CondFilledRate,0.579156,0.588022,0.008866,-0.008525,0.026598,0.278471,1.000000,0.168350,391,54
k1â†’k2|sft|qwen2.5-7b,UAHE_per_1kTok,8.040427,7.519782,-0.520645,-1.261672,0.200897,0.089596,1.000000,-0.103815,391,356
k1â†’k2|sft|qwen2.5-7b,UAHE_Total,2.578005,2.396419,-0.181586,-0.664962,0.212276,0.390354,1.000000,-0.061280,391,253
k1â†’k2|sft|qwen2.5-7b,ContextSupportRate,0.522927,0.561423,0.038497,0.005998,0.071904,0.002531,0.749270,0.213148,391,267
k1â†’k2|sft|qwen2.5-7b,ContextUnattributedRate,0.477073,0.438577,-0.038497,-0.071766,-0.005561,0.002653,0.777328,-0.212142,391,267
Denseâ†’Lex|sft_k1|qwen2.5-7b,ROUGE1_R,0.647757,0.659219,0.011462,0.000167,0.022589,0.010751,1.000000,0.159847,391,339
Denseâ†’Lex|sft_k1|qwen2.5-7b,ROUGE1_F1,0.637858,0.642095,0.004237,-0.009649,0.018125,0.689907,1.000000,0.024503,391,353
Denseâ†’Lex|sft_k1|qwen2.5-7b,SBERT,0.875975,0.878144,0.002168,-0.007612,0.011820,0.341121,1.000000,0.057654,391,363
Denseâ†’Lex|sft_k1|qwen2.5-7b,CTQRS,0.750160,0.742807,-0.007353,-0.019821,0.004636,0.095813,1.000000,-0.126490,391,222
Denseâ†’Lex|sft_k1|qwen2.5-7b,ROUGE1_R_NORM,0.659171,0.671202,0.012031,0.000582,0.023319,0.009103,1.000000,0.164176,391,336
Denseâ†’Lex|sft_k1|qwen2.5-7b,ROUGE1_F1_NORM,0.648570,0.653827,0.005257,-0.008653,0.019346,0.532193,1.000000,0.038364,391,353
Denseâ†’Lex|sft_k1|qwen2.5-7b,SBERT_NORM,0.868763,0.872631,0.003868,-0.006902,0.014817,0.202319,1.000000,0.078082,391,355
Denseâ†’Lex|sft_k1|qwen2.5-7b,SecFilled,0.589514,0.592072,0.002558,-0.027494,0.033248,0.845715,1.000000,0.028415,391,60
Denseâ†’Lex|sft_k1|qwen2.5-7b,SecPresence,0.602941,0.604220,0.001279,-0.030051,0.031969,0.947340,1.000000,-0.011905,391,48
Denseâ†’Lex|sft_k1|qwen2.5-7b,CondFilledRate,0.579156,0.583887,0.004731,-0.013640,0.023018,0.597029,1.000000,0.078531,391,59
Denseâ†’Lex|sft_k1|qwen2.5-7b,UAHE_per_1kTok,8.040427,8.356376,0.315949,-0.447437,1.054117,0.280551,1.000000,0.067724,391,338
Denseâ†’Lex|sft_k1|qwen2.5-7b,UAHE_Total,2.578005,2.506394,-0.071611,-0.547315,0.291560,0.082579,1.000000,0.129562,391,233
Denseâ†’Lex|sft_k1|qwen2.5-7b,ContextSupportRate,0.522927,0.498530,-0.024396,-0.059551,0.009831,0.239796,1.000000,-0.086610,391,245
Denseâ†’Lex|sft_k1|qwen2.5-7b,ContextUnattributedRate,0.477073,0.501470,0.024396,-0.010085,0.060359,0.228987,1.000000,0.088634,391,245
Simâ†’Rand|sft_dense_k1|qwen2.5-7b,ROUGE1_R,0.647757,0.610317,-0.037440,-0.051669,-0.023311,0.000001,0.000208,-0.296570,391,379
Simâ†’Rand|sft_dense_k1|qwen2.5-7b,ROUGE1_F1,0.637858,0.600723,-0.037135,-0.053923,-0.020045,0.000016,0.005319,-0.252436,391,390
Simâ†’Rand|sft_dense_k1|qwen2.5-7b,SBERT,0.875975,0.856038,-0.019937,-0.035510,-0.006116,0.140016,1.000000,-0.086121,391,391
Simâ†’Rand|sft_dense_k1|qwen2.5-7b,CTQRS,0.750160,0.727462,-0.022698,-0.035965,-0.009751,0.000247,0.079019,-0.257394,391,262
Simâ†’Rand|sft_dense_k1|qwen2.5-7b,ROUGE1_R_NORM,0.659171,0.622360,-0.036811,-0.050899,-0.023273,0.000000,0.000146,-0.300833,391,379
Simâ†’Rand|sft_dense_k1|qwen2.5-7b,ROUGE1_F1_NORM,0.648570,0.613180,-0.035390,-0.052271,-0.018822,0.000012,0.004251,-0.255532,391,390
Simâ†’Rand|sft_dense_k1|qwen2.5-7b,SBERT_NORM,0.868763,0.849243,-0.019520,-0.034745,-0.004976,0.026520,1.000000,-0.129469,391,391
Simâ†’Rand|sft_dense_k1|qwen2.5-7b,SecFilled,0.589514,0.570972,-0.018542,-0.056266,0.019182,0.490239,1.000000,-0.086420,391,80
Simâ†’Rand|sft_dense_k1|qwen2.5-7b,SecPresence,0.602941,0.583120,-0.019821,-0.058824,0.018542,0.410176,1.000000,-0.107042,391,70
Simâ†’Rand|sft_dense_k1|qwen2.5-7b,CondFilledRate,0.579156,0.574979,-0.004177,-0.028474,0.020631,0.595648,1.000000,-0.068931,391,77
Simâ†’Rand|sft_dense_k1|qwen2.5-7b,UAHE_per_1kTok,8.040427,11.339095,3.298668,2.386222,4.229493,0.000000,0.000000,0.452271,391,382
Simâ†’Rand|sft_dense_k1|qwen2.5-7b,UAHE_Total,2.578005,3.823529,1.245524,0.664962,1.803069,0.000000,0.000000,0.520035,391,287
Simâ†’Rand|sft_dense_k1|qwen2.5-7b,ContextSupportRate,0.522927,0.346611,-0.176316,-0.214708,-0.138620,0.000000,0.000000,-0.573747,391,298
Simâ†’Rand|sft_dense_k1|qwen2.5-7b,ContextUnattributedRate,0.477073,0.650832,0.173758,0.136061,0.211780,0.000000,0.000000,0.570922,391,297
TplOnâ†’Off|sft_dense_k1|qwen2.5-7b,ROUGE1_R,0.647757,0.647575,-0.000182,-0.009177,0.008598,0.617369,1.000000,0.033333,391,299
TplOnâ†’Off|sft_dense_k1|qwen2.5-7b,ROUGE1_F1,0.637858,0.637754,-0.000103,-0.010284,0.010083,0.295225,1.000000,-0.065791,391,337
TplOnâ†’Off|sft_dense_k1|qwen2.5-7b,SBERT,0.875975,0.874675,-0.001300,-0.010194,0.006946,0.425866,1.000000,0.048293,391,362
TplOnâ†’Off|sft_dense_k1|qwen2.5-7b,CTQRS,0.750160,0.752558,0.002398,-0.006714,0.011669,0.363591,1.000000,0.080054,391,163
TplOnâ†’Off|sft_dense_k1|qwen2.5-7b,ROUGE1_R_NORM,0.659171,0.659033,-0.000138,-0.009187,0.008724,0.470912,1.000000,0.048268,391,297
TplOnâ†’Off|sft_dense_k1|qwen2.5-7b,ROUGE1_F1_NORM,0.648570,0.648577,0.000006,-0.010355,0.010545,0.513608,1.000000,-0.041119,391,336
TplOnâ†’Off|sft_dense_k1|qwen2.5-7b,SBERT_NORM,0.868763,0.870011,0.001248,-0.006701,0.009187,0.397517,1.000000,0.052559,391,345
TplOnâ†’Off|sft_dense_k1|qwen2.5-7b,SecFilled,0.589514,0.602941,0.013427,-0.007673,0.034527,0.155134,1.000000,0.317460,391,27
TplOnâ†’Off|sft_dense_k1|qwen2.5-7b,SecPresence,0.602941,0.616368,0.013427,-0.007673,0.035166,0.218219,1.000000,0.296667,391,24
TplOnâ†’Off|sft_dense_k1|qwen2.5-7b,CondFilledRate,0.579156,0.589983,0.010827,-0.004348,0.026513,0.182834,1.000000,0.289655,391,29
TplOnâ†’Off|sft_dense_k1|qwen2.5-7b,UAHE_per_1kTok,8.040427,7.935747,-0.104680,-0.707138,0.478572,0.424104,1.000000,-0.053422,391,298
TplOnâ†’Off|sft_dense_k1|qwen2.5-7b,UAHE_Total,2.578005,2.496164,-0.081841,-0.590793,0.378517,0.790172,1.000000,0.026667,391,125
TplOnâ†’Off|sft_dense_k1|qwen2.5-7b,ContextSupportRate,0.522927,0.510980,-0.011947,-0.029880,0.005653,0.561438,1.000000,-0.058915,391,129
TplOnâ†’Off|sft_dense_k1|qwen2.5-7b,ContextUnattributedRate,0.477073,0.489020,0.011947,-0.005076,0.030221,0.574986,1.000000,0.056887,391,129
NoMaskâ†’HardMask|sft_dense_k1|qwen2.5-7b,ROUGE1_R,0.647757,0.642004,-0.005753,-0.016465,0.004711,0.950104,1.000000,-0.003910,391,341
NoMaskâ†’HardMask|sft_dense_k1|qwen2.5-7b,ROUGE1_F1,0.637858,0.630157,-0.007700,-0.020835,0.005171,0.134641,1.000000,-0.089991,391,368
NoMaskâ†’HardMask|sft_dense_k1|qwen2.5-7b,SBERT,0.875975,0.875547,-0.000428,-0.010195,0.009023,0.658740,1.000000,-0.025974,391,385
NoMaskâ†’HardMask|sft_dense_k1|qwen2.5-7b,CTQRS,0.750160,0.740889,-0.009271,-0.020460,0.001439,0.308889,1.000000,-0.084253,391,187
NoMaskâ†’HardMask|sft_dense_k1|qwen2.5-7b,ROUGE1_R_NORM,0.659171,0.653484,-0.005687,-0.016668,0.004498,0.858362,1.000000,0.011234,391,336
NoMaskâ†’HardMask|sft_dense_k1|qwen2.5-7b,ROUGE1_F1_NORM,0.648570,0.641503,-0.007067,-0.020453,0.006215,0.124157,1.000000,-0.092866,391,365
NoMaskâ†’HardMask|sft_dense_k1|qwen2.5-7b,SBERT_NORM,0.868763,0.870082,0.001319,-0.008599,0.010612,0.582504,1.000000,0.032845,391,373
NoMaskâ†’HardMask|sft_dense_k1|qwen2.5-7b,SecFilled,0.589514,0.558184,-0.031330,-0.056266,-0.007673,0.017501,1.000000,-0.432051,391,39
NoMaskâ†’HardMask|sft_dense_k1|qwen2.5-7b,SecPresence,0.602941,0.568414,-0.034527,-0.060742,-0.010230,0.012395,1.000000,-0.479365,391,35
NoMaskâ†’HardMask|sft_dense_k1|qwen2.5-7b,CondFilledRate,0.579156,0.566581,-0.012575,-0.029839,0.004348,0.124716,1.000000,-0.279268,391,40
NoMaskâ†’HardMask|sft_dense_k1|qwen2.5-7b,UAHE_per_1kTok,8.040427,11.546093,3.505665,2.821733,4.207766,0.000000,0.000000,0.577880,391,366
NoMaskâ†’HardMask|sft_dense_k1|qwen2.5-7b,UAHE_Total,2.578005,3.795396,1.217391,0.920652,1.537084,0.000000,0.000000,0.654470,391,254
NoMaskâ†’HardMask|sft_dense_k1|qwen2.5-7b,ContextSupportRate,0.522927,0.248850,-0.274077,-0.309660,-0.239871,0.000000,0.000000,-0.883955,391,274
NoMaskâ†’HardMask|sft_dense_k1|qwen2.5-7b,ContextUnattributedRate,0.477073,0.728132,0.251059,0.215514,0.287757,0.000000,0.000000,0.832646,391,271
DPO_freeâ†’aware|bal_k0|qwen2.5-7b,ROUGE1_R,0.548050,0.541799,-0.006251,-0.014152,0.001786,0.023957,1.000000,-0.134006,391,378
DPO_freeâ†’aware|bal_k0|qwen2.5-7b,ROUGE1_F1,0.587696,0.568958,-0.018738,-0.031939,-0.005707,0.052662,1.000000,-0.113080,391,391
DPO_freeâ†’aware|bal_k0|qwen2.5-7b,SBERT,0.865056,0.873264,0.008208,0.002567,0.013906,0.001126,0.345800,0.190067,391,391
DPO_freeâ†’aware|bal_k0|qwen2.5-7b,CTQRS,0.711797,0.697251,-0.014546,-0.025416,-0.003996,0.008708,1.000000,-0.185907,391,255
DPO_freeâ†’aware|bal_k0|qwen2.5-7b,ROUGE1_R_NORM,0.554184,0.548256,-0.005928,-0.013858,0.001783,0.025374,1.000000,-0.133220,391,375
DPO_freeâ†’aware|bal_k0|qwen2.5-7b,ROUGE1_F1_NORM,0.588501,0.569886,-0.018615,-0.032287,-0.005348,0.066465,1.000000,-0.107104,391,391
DPO_freeâ†’aware|bal_k0|qwen2.5-7b,SBERT_NORM,0.853089,0.859428,0.006338,0.000981,0.011833,0.016889,1.000000,0.139425,391,391
DPO_freeâ†’aware|bal_k0|qwen2.5-7b,SecFilled,0.963555,0.850384,-0.113171,-0.134271,-0.092711,0.000000,0.000000,-0.835845,391,170
DPO_freeâ†’aware|bal_k0|qwen2.5-7b,SecPresence,0.987212,0.961637,-0.025575,-0.041560,-0.010230,0.000078,0.025756,-0.667774,391,42
DPO_freeâ†’aware|bal_k0|qwen2.5-7b,CondFilledRate,0.784484,0.714621,-0.069864,-0.086830,-0.053238,0.000000,0.000000,-0.776033,391,120
DPO_freeâ†’aware|bal_k0|qwen2.5-7b,UAHE_per_1kTok,2.733100,2.339667,-0.393432,-0.788338,0.004485,0.075114,1.000000,-0.155130,391,175
DPO_freeâ†’aware|bal_k0|qwen2.5-7b,UAHE_Total,0.649616,0.565217,-0.084399,-0.181586,0.010230,0.060899,1.000000,-0.197174,391,113
DPO_freeâ†’aware|bal_k0|qwen2.5-7b,ContextSupportRate,0.395968,0.441262,0.045294,0.022862,0.067897,0.000344,0.109353,0.424860,391,94
DPO_freeâ†’aware|bal_k0|qwen2.5-7b,ContextUnattributedRate,0.238303,0.182779,-0.055524,-0.088365,-0.023776,0.000483,0.152155,-0.373763,391,115
DPO_freeâ†’aware|bal_dense_k1|qwen2.5-7b,ROUGE1_R,0.573517,0.597930,0.024413,0.014287,0.034330,0.000000,0.000096,0.308067,391,373
DPO_freeâ†’aware|bal_dense_k1|qwen2.5-7b,ROUGE1_F1,0.595128,0.568619,-0.026509,-0.042062,-0.011446,0.000345,0.109426,-0.209657,391,388
DPO_freeâ†’aware|bal_dense_k1|qwen2.5-7b,SBERT,0.865223,0.845165,-0.020058,-0.029171,-0.011280,0.000014,0.004898,-0.254260,391,388
DPO_freeâ†’aware|bal_dense_k1|qwen2.5-7b,CTQRS,0.716113,0.728101,0.011988,-0.000959,0.024776,0.037215,1.000000,0.144866,391,267
DPO_freeâ†’aware|bal_dense_k1|qwen2.5-7b,ROUGE1_R_NORM,0.579496,0.604816,0.025320,0.015256,0.035227,0.000000,0.000016,0.325948,391,378
DPO_freeâ†’aware|bal_dense_k1|qwen2.5-7b,ROUGE1_F1_NORM,0.596473,0.570380,-0.026093,-0.041604,-0.011037,0.000692,0.215111,-0.198765,391,388
DPO_freeâ†’aware|bal_dense_k1|qwen2.5-7b,SBERT_NORM,0.852234,0.832432,-0.019801,-0.028645,-0.011430,0.000034,0.011331,-0.242891,391,388
DPO_freeâ†’aware|bal_dense_k1|qwen2.5-7b,SecFilled,0.949488,0.836317,-0.113171,-0.140665,-0.086317,0.000000,0.000000,-0.782152,391,126
DPO_freeâ†’aware|bal_dense_k1|qwen2.5-7b,SecPresence,0.973146,0.886189,-0.086957,-0.113171,-0.060742,0.000000,0.000000,-0.793540,391,77
DPO_freeâ†’aware|bal_dense_k1|qwen2.5-7b,CondFilledRate,0.776684,0.718329,-0.058355,-0.078518,-0.038619,0.000000,0.000002,-0.625815,391,117
DPO_freeâ†’aware|bal_dense_k1|qwen2.5-7b,UAHE_per_1kTok,2.189492,1.149119,-1.040373,-1.424486,-0.680320,0.000000,0.000009,-0.526358,391,150
DPO_freeâ†’aware|bal_dense_k1|qwen2.5-7b,UAHE_Total,0.572890,0.335038,-0.237852,-0.337596,-0.138107,0.000004,0.001486,-0.521748,391,98
DPO_freeâ†’aware|bal_dense_k1|qwen2.5-7b,ContextSupportRate,0.500695,0.638749,0.138054,0.099073,0.177247,0.000000,0.000000,0.634492,391,147
DPO_freeâ†’aware|bal_dense_k1|qwen2.5-7b,ContextUnattributedRate,0.169381,0.092709,-0.076673,-0.106106,-0.047986,0.000000,0.000073,-0.561404,391,114
DPO_balâ†’hard|free_k0|qwen2.5-7b,ROUGE1_R,0.548050,0.601851,0.053801,0.042674,0.064994,0.000000,0.000000,0.592956,391,381
DPO_balâ†’hard|free_k0|qwen2.5-7b,ROUGE1_F1,0.587696,0.625013,0.037318,0.023696,0.050903,0.000000,0.000000,0.461063,391,391
DPO_balâ†’hard|free_k0|qwen2.5-7b,SBERT,0.865056,0.881778,0.016723,0.009445,0.023964,0.000000,0.000000,0.416671,391,391
DPO_balâ†’hard|free_k0|qwen2.5-7b,CTQRS,0.711797,0.694373,-0.017423,-0.030051,-0.005115,0.023605,1.000000,-0.154715,391,277
DPO_balâ†’hard|free_k0|qwen2.5-7b,ROUGE1_R_NORM,0.554184,0.607369,0.053185,0.041812,0.064598,0.000000,0.000000,0.570240,391,379
DPO_balâ†’hard|free_k0|qwen2.5-7b,ROUGE1_F1_NORM,0.588501,0.629662,0.041160,0.027629,0.054483,0.000000,0.000000,0.492771,391,391
DPO_balâ†’hard|free_k0|qwen2.5-7b,SBERT_NORM,0.853089,0.873963,0.020874,0.013028,0.028545,0.000000,0.000000,0.430163,391,391
DPO_balâ†’hard|free_k0|qwen2.5-7b,SecFilled,0.963555,0.709719,-0.253836,-0.296036,-0.212276,0.000000,0.000000,-0.947603,391,135
DPO_balâ†’hard|free_k0|qwen2.5-7b,SecPresence,0.987212,0.733376,-0.253836,-0.297315,-0.210358,0.000000,0.000000,-0.958885,391,108
DPO_balâ†’hard|free_k0|qwen2.5-7b,CondFilledRate,0.784484,0.658269,-0.126215,-0.151449,-0.102088,0.000000,0.000000,-0.898868,391,127
DPO_balâ†’hard|free_k0|qwen2.5-7b,UAHE_per_1kTok,2.733100,7.192760,4.459660,3.866325,5.085299,0.000000,0.000000,0.854970,391,295
DPO_balâ†’hard|free_k0|qwen2.5-7b,UAHE_Total,0.649616,2.053708,1.404092,1.212276,1.608760,0.000000,0.000000,0.940161,391,243
DPO_balâ†’hard|free_k0|qwen2.5-7b,ContextSupportRate,0.395968,0.321254,-0.074714,-0.105244,-0.044110,0.000000,0.000101,-0.441989,391,180
DPO_balâ†’hard|free_k0|qwen2.5-7b,ContextUnattributedRate,0.238303,0.520178,0.281875,0.242801,0.322657,0.000000,0.000000,0.872725,391,232
DPO_balâ†’struct|free_k0|qwen2.5-7b,ROUGE1_R,0.548050,0.492360,-0.055690,-0.064205,-0.047437,0.000000,0.000000,-0.726255,391,375
DPO_balâ†’struct|free_k0|qwen2.5-7b,ROUGE1_F1,0.587696,0.560948,-0.026747,-0.036664,-0.016608,0.000000,0.000000,-0.416329,391,390
DPO_balâ†’struct|free_k0|qwen2.5-7b,SBERT,0.865056,0.862619,-0.002437,-0.008740,0.003874,0.121688,1.000000,-0.090323,391,391
DPO_balâ†’struct|free_k0|qwen2.5-7b,CTQRS,0.711797,0.674552,-0.037244,-0.047315,-0.027014,0.000000,0.000000,-0.486983,391,275
DPO_balâ†’struct|free_k0|qwen2.5-7b,ROUGE1_R_NORM,0.554184,0.496151,-0.058033,-0.066259,-0.049653,0.000000,0.000000,-0.748692,391,373
DPO_balâ†’struct|free_k0|qwen2.5-7b,ROUGE1_F1_NORM,0.588501,0.562932,-0.025569,-0.035330,-0.015673,0.000000,0.000000,-0.401535,391,391
DPO_balâ†’struct|free_k0|qwen2.5-7b,SBERT_NORM,0.853089,0.847904,-0.005186,-0.011343,0.000901,0.042241,1.000000,-0.118534,391,391
DPO_balâ†’struct|free_k0|qwen2.5-7b,SecFilled,0.963555,0.951407,-0.012148,-0.026854,0.003197,0.036609,1.000000,-0.286226,391,62
DPO_balâ†’struct|free_k0|qwen2.5-7b,SecPresence,0.987212,0.992327,0.005115,-0.005115,0.016624,0.423828,1.000000,0.294872,391,12
DPO_balâ†’struct|free_k0|qwen2.5-7b,CondFilledRate,0.784484,0.770929,-0.013555,-0.025874,-0.001194,0.017967,1.000000,-0.364310,391,54
DPO_balâ†’struct|free_k0|qwen2.5-7b,UAHE_per_1kTok,2.733100,5.126243,2.393143,1.719470,3.127284,0.000000,0.000000,0.562658,391,230
DPO_balâ†’struct|free_k0|qwen2.5-7b,UAHE_Total,0.649616,1.271100,0.621483,0.312020,1.089514,0.000000,0.000001,0.540199,391,155
DPO_balâ†’struct|free_k0|qwen2.5-7b,ContextSupportRate,0.395968,0.350411,-0.045557,-0.073648,-0.017475,0.000517,0.161932,-0.372714,391,115
DPO_balâ†’struct|free_k0|qwen2.5-7b,ContextUnattributedRate,0.238303,0.355471,0.117168,0.074128,0.159628,0.000000,0.000049,0.479403,391,159
DPO_balâ†’hard|free_dense_k1|qwen2.5-7b,ROUGE1_R,0.573517,0.633467,0.059950,0.048521,0.071316,0.000000,0.000000,0.629602,391,377
DPO_balâ†’hard|free_dense_k1|qwen2.5-7b,ROUGE1_F1,0.595128,0.635896,0.040768,0.026478,0.055296,0.000000,0.000000,0.458246,391,390
DPO_balâ†’hard|free_dense_k1|qwen2.5-7b,SBERT,0.865223,0.882583,0.017360,0.010099,0.024386,0.000000,0.000000,0.418028,391,391
DPO_balâ†’hard|free_dense_k1|qwen2.5-7b,CTQRS,0.716113,0.713555,-0.002558,-0.014386,0.009591,0.887202,1.000000,-0.009938,391,263
DPO_balâ†’hard|free_dense_k1|qwen2.5-7b,ROUGE1_R_NORM,0.579496,0.639684,0.060188,0.048446,0.071936,0.000000,0.000000,0.631102,391,374
DPO_balâ†’hard|free_dense_k1|qwen2.5-7b,ROUGE1_F1_NORM,0.596473,0.641404,0.044931,0.030663,0.059633,0.000000,0.000000,0.499703,391,389
DPO_balâ†’hard|free_dense_k1|qwen2.5-7b,SBERT_NORM,0.852234,0.870428,0.018194,0.010116,0.026041,0.000000,0.000000,0.411112,391,391
DPO_balâ†’hard|free_dense_k1|qwen2.5-7b,SecFilled,0.949488,0.652174,-0.297315,-0.343990,-0.253836,0.000000,0.000000,-0.935818,391,161
DPO_balâ†’hard|free_dense_k1|qwen2.5-7b,SecPresence,0.973146,0.670077,-0.303069,-0.349105,-0.256394,0.000000,0.000000,-0.968551,391,139
DPO_balâ†’hard|free_dense_k1|qwen2.5-7b,CondFilledRate,0.776684,0.620290,-0.156394,-0.185254,-0.128090,0.000000,0.000000,-0.901415,391,159
DPO_balâ†’hard|free_dense_k1|qwen2.5-7b,UAHE_per_1kTok,2.189492,4.632359,2.442867,1.972742,2.943542,0.000000,0.000000,0.657588,391,259
DPO_balâ†’hard|free_dense_k1|qwen2.5-7b,UAHE_Total,0.572890,1.386189,0.813299,0.647059,0.989770,0.000000,0.000000,0.741453,391,207
DPO_balâ†’hard|free_dense_k1|qwen2.5-7b,ContextSupportRate,0.500695,0.535959,0.035264,-0.004750,0.075722,0.400241,1.000000,0.065323,391,220
DPO_balâ†’hard|free_dense_k1|qwen2.5-7b,ContextUnattributedRate,0.169381,0.328491,0.159110,0.120840,0.196033,0.000000,0.000000,0.623219,391,217
DPO_balâ†’struct|free_dense_k1|qwen2.5-7b,ROUGE1_R,0.573517,0.522563,-0.050954,-0.060286,-0.041439,0.000000,0.000000,-0.633385,391,372
DPO_balâ†’struct|free_dense_k1|qwen2.5-7b,ROUGE1_F1,0.595128,0.574792,-0.020336,-0.032077,-0.008500,0.000000,0.000025,-0.316327,391,389
DPO_balâ†’struct|free_dense_k1|qwen2.5-7b,SBERT,0.865223,0.863153,-0.002070,-0.009315,0.004815,0.961836,1.000000,-0.002792,391,391
DPO_balâ†’struct|free_dense_k1|qwen2.5-7b,CTQRS,0.716113,0.682065,-0.034047,-0.046196,-0.022379,0.000000,0.000027,-0.377290,391,263
DPO_balâ†’struct|free_dense_k1|qwen2.5-7b,ROUGE1_R_NORM,0.579496,0.526724,-0.052772,-0.061903,-0.043580,0.000000,0.000000,-0.660592,391,374
DPO_balâ†’struct|free_dense_k1|qwen2.5-7b,ROUGE1_F1_NORM,0.596473,0.576926,-0.019547,-0.031342,-0.007640,0.000000,0.000027,-0.315457,391,389
DPO_balâ†’struct|free_dense_k1|qwen2.5-7b,SBERT_NORM,0.852234,0.847385,-0.004849,-0.012370,0.002094,0.483460,1.000000,-0.040895,391,391
DPO_balâ†’struct|free_dense_k1|qwen2.5-7b,SecFilled,0.949488,0.925192,-0.024297,-0.044118,-0.003836,0.002749,0.802764,-0.334211,391,95
DPO_balâ†’struct|free_dense_k1|qwen2.5-7b,SecPresence,0.973146,0.980818,0.007673,-0.007033,0.023018,0.404495,1.000000,0.180645,391,30
DPO_balâ†’struct|free_dense_k1|qwen2.5-7b,CondFilledRate,0.776684,0.753794,-0.022890,-0.036829,-0.008737,0.000590,0.183982,-0.426813,391,85
DPO_balâ†’struct|free_dense_k1|qwen2.5-7b,UAHE_per_1kTok,2.189492,3.640665,1.451173,0.890767,2.064523,0.000000,0.000136,0.431444,391,185
DPO_balâ†’struct|free_dense_k1|qwen2.5-7b,UAHE_Total,0.572890,0.976982,0.404092,0.184079,0.713555,0.000011,0.003828,0.433128,391,132
DPO_balâ†’struct|free_dense_k1|qwen2.5-7b,ContextSupportRate,0.500695,0.473491,-0.027205,-0.064895,0.010729,0.101959,1.000000,-0.156164,391,145
DPO_balâ†’struct|free_dense_k1|qwen2.5-7b,ContextUnattributedRate,0.169381,0.232392,0.063010,0.027727,0.098579,0.000188,0.060519,0.363121,391,140
